date,busan,daegu,gwangju,daejeon
2020-01-02,16000.0,17500.0,17500.0,16000.0
2020-01-03,16000.0,17000.0,19000.0,16000.0
2020-01-06,16000.0,17000.0,17500.0,16000.0
2020-01-07,16000.0,17000.0,17500.0,16000.0
2020-01-08,16000.0,15500.0,16000.0,16000.0
2020-01-09,12267.0,15500.0,16000.0,16000.0
2020-01-10,12200.0,13000.0,12733.0,12233.0
2020-01-13,16000.0,12800.0,12400.0,12433.0
2020-01-14,15000.0,12667.0,12250.0,12367.0
2020-01-15,15000.0,16000.0,17500.0,16000.0
2020-01-16,15000.0,15500.0,17500.0,17500.0
2020-01-17,16000.0,16000.0,17500.0,17500.0
2020-01-20,16500.0,16500.0,16500.0,16500.0
2020-01-21,16500.0,16500.0,17000.0,17000.0
2020-01-22,17000.0,13067.0,12967.0,12800.0
2020-01-23,11933.0,17500.0,17000.0,18000.0
2020-01-28,,15500.0,16000.0,15500.0
2020-01-29,12033.0,15000.0,15000.0,12500.0
2020-01-30,11500.0,12500.0,12500.0,11500.0
2020-01-31,11500.0,12500.0,12500.0,12500.0
2020-02-03,11500.0,11500.0,11500.0,11500.0
2020-02-04,11500.0,11500.0,11000.0,11000.0
2020-02-05,10000.0,11500.0,10000.0,10500.0
2020-02-06,10000.0,11500.0,10000.0,11500.0
2020-02-07,10000.0,11500.0,11900.0,11500.0
2020-02-10,11083.0,12900.0,11875.0,11250.0
2020-02-11,11000.0,12833.0,11500.0,10933.0
2020-02-12,11133.0,12900.0,11000.0,10733.0
2020-02-13,11200.0,12900.0,10500.0,10333.0
2020-02-14,10000.0,10000.0,10000.0,10000.0
2020-02-17,9000.0,10000.0,11050.0,9500.0
2020-02-18,9000.0,10000.0,9500.0,9500.0
2020-02-19,9000.0,10000.0,9500.0,9000.0
2020-02-20,9000.0,10000.0,9000.0,9000.0
2020-02-21,9700.0,11300.0,,9383.0
2020-02-24,9000.0,10000.0,,8000.0
2020-02-25,9000.0,10000.0,,8000.0
2020-02-26,9000.0,10000.0,,8000.0
2020-02-27,9200.0,9900.0,,8700.0
2020-02-28,9000.0,10000.0,,9500.0
2020-03-02,9000.0,9000.0,,9000.0
2020-03-03,9000.0,9000.0,,9000.0
2020-03-04,9000.0,9000.0,,8500.0
2020-03-05,9000.0,9000.0,,8500.0
2020-03-06,9000.0,8500.0,,8500.0
2020-03-09,9000.0,8500.0,9000.0,8500.0
2020-03-10,8675.0,8825.0,9000.0,8467.0
2020-03-11,8533.0,8700.0,8500.0,8400.0
2020-03-12,8367.0,8533.0,9000.0,8367.0
2020-03-13,8300.0,8400.0,8400.0,8467.0
2020-03-16,9000.0,9500.0,8417.0,9000.0
2020-03-17,8500.0,8000.0,8500.0,8500.0
2020-03-18,8500.0,9000.0,8500.0,8500.0
2020-03-19,8500.0,8500.0,8500.0,8500.0
2020-03-20,8500.0,8500.0,8500.0,8500.0
2020-03-23,8133.0,7900.0,8500.0,7933.0
2020-03-24,8000.0,8000.0,8500.0,8500.0
2020-03-25,8000.0,8000.0,8283.0,8500.0
2020-03-26,8000.0,8500.0,8000.0,8000.0
2020-03-27,8233.0,7800.0,8300.0,8067.0
2020-03-30,8500.0,8500.0,8500.0,8500.0
2020-03-31,8500.0,8500.0,9000.0,8500.0
2020-04-01,8500.0,9500.0,9000.0,8500.0
2020-04-02,8500.0,9500.0,9000.0,8500.0
2020-04-03,8500.0,9500.0,9000.0,8500.0
2020-04-06,8500.0,8500.0,9000.0,9000.0
2020-04-07,8500.0,8500.0,8500.0,8500.0
2020-04-08,7575.0,7358.0,8092.0,7233.0
2020-04-09,7667.0,7500.0,8133.0,7250.0
2020-04-10,7800.0,7700.0,8167.0,7250.0
2020-04-13,7842.0,8000.0,8050.0,7392.0
2020-04-14,8500.0,8500.0,8500.0,8000.0
2020-04-16,8500.0,8500.0,8000.0,8000.0
2020-04-17,8500.0,9000.0,8500.0,8000.0
2020-04-20,8500.0,9000.0,8500.0,8000.0
2020-04-21,8500.0,8500.0,8000.0,8000.0
2020-04-22,7500.0,7700.0,7767.0,7275.0
2020-04-23,8500.0,8500.0,8000.0,8000.0
2020-04-24,8500.0,8500.0,8000.0,8000.0
2020-04-27,8500.0,8500.0,8500.0,8500.0
2020-04-28,7325.0,7125.0,7350.0,7200.0
2020-04-29,9000.0,9500.0,10000.0,9000.0
2020-05-04,7000.0,6992.0,7233.0,6600.0
2020-05-06,7000.0,6925.0,7167.0,6500.0
2020-05-07,7500.0,7500.0,8000.0,7500.0
2020-05-08,7500.0,8500.0,8500.0,7000.0
2020-05-11,7500.0,8500.0,8500.0,7000.0
2020-05-12,7500.0,8500.0,8500.0,7000.0
2020-12-01,17000.0,17500.0,17250.0,17000.0
2020-12-02,17000.0,17500.0,17750.0,17250.0
2020-12-03,17000.0,17500.0,17750.0,17250.0
2020-12-07,17000.0,17500.0,17750.0,17500.0
2020-12-08,17000.0,16500.0,16750.0,16500.0
2020-12-09,12000.0,13000.0,13000.0,13000.0
2020-12-10,12000.0,13000.0,13000.0,13000.0
2020-12-11,12000.0,13000.0,13000.0,13000.0
2020-12-14,16000.0,16000.0,16250.0,15500.0
2020-12-15,15000.0,15000.0,16250.0,15500.0
2020-12-16,15000.0,15000.0,15250.0,15000.0
2020-12-17,14000.0,13500.0,14250.0,14500.0
2020-12-18,13025.0,13450.0,14150.0,12325.0
2020-12-21,14000.0,15000.0,15250.0,15000.0
2020-12-22,14000.0,15000.0,15250.0,15000.0
2020-12-23,13167.0,13875.0,14908.0,13100.0
2020-12-24,15000.0,15000.0,15250.0,15500.0
2020-12-28,15000.0,14600.0,14600.0,15000.0
2020-12-29,14000.0,14600.0,14600.0,14000.0
2020-12-30,14000.0,14600.0,14600.0,14000.0
2020-12-31,14000.0,14600.0,14600.0,14000.0
2021-01-04,13000.0,13100.0,13600.0,12500.0
2021-01-05,12000.0,12100.0,12100.0,11000.0
2021-01-06,12667.0,13533.0,15397.0,12500.0
2021-01-07,12667.0,13467.0,15178.0,12500.0
2021-01-08,12667.0,13400.0,14775.0,12467.0
2021-01-11,13000.0,13600.0,13100.0,12500.0
2021-01-12,13000.0,13600.0,13100.0,13000.0
2021-01-13,13000.0,13600.0,13100.0,13000.0
2021-01-14,14000.0,14600.0,14600.0,14000.0
2021-01-15,14000.0,14600.0,14100.0,14000.0
2021-01-18,12200.0,13000.0,14775.0,12467.0
2021-01-19,13500.0,13600.0,13600.0,13000.0
2021-01-20,12500.0,13100.0,13100.0,12000.0
2021-01-21,12500.0,12100.0,12600.0,12000.0
2021-01-22,12500.0,12100.0,12100.0,11500.0
2021-01-25,12500.0,12600.0,12600.0,11750.0
2021-01-26,12500.0,12600.0,12100.0,12000.0
2021-01-27,12500.0,12600.0,12600.0,12500.0
2021-01-28,12500.0,12600.0,12600.0,12500.0
2021-01-29,12500.0,12600.0,12600.0,12500.0
2021-02-01,12500.0,12600.0,12600.0,12000.0
2021-02-02,11767.0,12900.0,12472.0,11842.0
2021-02-03,11400.0,12800.0,12359.0,11500.0
2021-02-04,12500.0,12100.0,13100.0,13000.0
2021-02-05,12500.0,12100.0,13100.0,13000.0
2021-02-08,12500.0,12100.0,12600.0,13000.0
2021-02-09,12500.0,13100.0,13100.0,13500.0
2021-02-10,12500.0,13100.0,13100.0,13500.0
2021-02-15,12500.0,12100.0,12100.0,10500.0
2021-02-16,9967.0,11133.0,10209.0,9583.0
2021-02-17,11000.0,11600.0,11600.0,9500.0
2021-02-18,9467.0,10875.0,9963.0,9517.0
2021-02-19,10000.0,10100.0,10100.0,8500.0
2021-02-22,9033.0,9800.0,9850.0,8492.0
2021-02-23,10000.0,10100.0,9600.0,8000.0
2021-02-24,9000.0,9100.0,9100.0,7500.0
2021-02-25,9000.0,9100.0,9300.0,7500.0
2021-02-26,9000.0,8600.0,8600.0,7500.0
2021-03-02,9000.0,8600.0,8600.0,8500.0
2021-03-03,9000.0,9600.0,9600.0,10000.0
2021-03-04,9000.0,9600.0,9600.0,10000.0
2021-03-05,8767.0,8850.0,9388.0,8283.0
2021-03-08,8567.0,8575.0,8850.0,8125.0
2021-03-09,8508.0,8492.0,8606.0,8100.0
2021-03-10,8475.0,8458.0,8381.0,8100.0
2021-03-11,9000.0,9600.0,9100.0,9000.0
2021-03-12,9000.0,8600.0,8600.0,9000.0
2021-03-15,9000.0,9100.0,9100.0,9500.0
2021-03-16,8500.0,8600.0,8100.0,8500.0
2021-03-17,8500.0,8600.0,8100.0,8500.0
2021-03-18,8325.0,8150.0,8231.0,8200.0
2021-03-19,9000.0,8600.0,9250.0,9000.0
2021-03-22,9000.0,8600.0,8600.0,8500.0
2021-03-23,9000.0,8600.0,8600.0,8500.0
2021-03-24,8200.0,8033.0,8109.0,7958.0
2021-03-25,8500.0,8600.0,8600.0,7500.0
2021-03-26,8500.0,8600.0,8100.0,7500.0
2021-03-29,8500.0,8600.0,8100.0,7500.0
2021-03-30,8000.0,8100.0,7600.0,7000.0
2021-03-31,8000.0,8100.0,7100.0,6500.0
2021-04-01,8000.0,8100.0,7100.0,6500.0
2021-04-02,7500.0,7100.0,6600.0,6500.0
2021-04-05,7700.0,7767.0,8138.0,7567.0
2021-04-06,7733.0,7867.0,8059.0,7425.0
2021-04-07,7708.0,7858.0,7956.0,7325.0
2021-04-08,7708.0,7792.0,7866.0,7233.0
2021-04-09,7500.0,7100.0,7100.0,8000.0
2021-04-12,7500.0,7100.0,7100.0,8000.0
2021-04-13,7500.0,7100.0,7100.0,7500.0
2021-04-14,7500.0,7100.0,7100.0,7500.0
2021-04-15,7500.0,7100.0,7100.0,7000.0
2021-04-16,7650.0,8233.0,7738.0,7550.0
2021-04-19,7000.0,7100.0,6600.0,8500.0
2021-04-20,7000.0,7100.0,7100.0,8000.0
2021-04-21,7000.0,7100.0,7100.0,8000.0
2021-04-22,7500.0,7900.0,7641.0,7233.0
2021-04-23,7000.0,7100.0,7100.0,7250.0
2021-04-26,7467.0,7333.0,7700.0,7258.0
2021-04-27,7458.0,7192.0,7844.0,7300.0
2021-04-28,7458.0,7125.0,8009.0,7333.0
2021-04-29,7433.0,7117.0,8109.0,7317.0
2021-04-30,6500.0,6600.0,6600.0,6500.0
2021-05-03,6500.0,6600.0,6600.0,6500.0
2021-05-04,6500.0,6600.0,6600.0,6500.0
2021-05-06,6500.0,7100.0,7100.0,7500.0
2021-05-07,6500.0,7100.0,7100.0,7500.0
2021-05-10,6500.0,7100.0,7100.0,7500.0
2021-11-22,,13000.0,12600.0,
2021-11-23,17500.0,15000.0,14100.0,
2021-11-24,17500.0,15000.0,14100.0,14750.0
2021-11-25,17500.0,15000.0,14100.0,14800.0
2021-11-26,17500.0,15500.0,15100.0,14800.0
2021-11-29,15000.0,14500.0,14100.0,14000.0
2021-11-30,14000.0,14000.0,14100.0,14000.0
2021-12-01,13250.0,13500.0,13500.0,13000.0
2021-12-02,13250.0,13500.0,13500.0,13000.0
2021-12-06,14600.0,15125.0,15250.0,17650.0
2021-12-07,13500.0,13500.0,14100.0,17650.0
2021-12-08,13500.0,14850.0,14975.0,17650.0
2021-12-09,15500.0,16000.0,16100.0,18150.0
2021-12-10,15500.0,16000.0,16100.0,18150.0
2021-12-13,15500.0,16000.0,16100.0,18150.0
2021-12-14,13650.0,13806.0,14829.0,18150.0
2021-12-15,15500.0,17000.0,17100.0,16500.0
2021-12-16,15500.0,17000.0,17100.0,12975.0
2021-12-17,15500.0,13350.0,14358.0,12900.0
2021-12-20,16500.0,17000.0,17100.0,17000.0
2021-12-21,19000.0,18500.0,17100.0,17000.0
2021-12-22,19000.0,20000.0,19100.0,20800.0
2021-12-23,19500.0,22500.0,19100.0,25800.0
2021-12-24,19500.0,22000.0,21600.0,23250.0
2021-12-27,21000.0,24000.0,24100.0,23250.0
2021-12-28,20000.0,22000.0,22600.0,20650.0
2021-12-29,13217.0,13560.0,14418.0,13083.0
2021-12-30,13083.0,13433.0,14021.0,12883.0
2021-12-31,12867.0,13267.0,13783.0,12567.0
2022-01-03,20000.0,20000.0,30100.0,20150.0
2022-01-04,20000.0,20000.0,31600.0,20150.0
2022-01-05,19000.0,19500.0,25100.0,18800.0
2022-01-06,19000.0,19000.0,19100.0,18800.0
2022-01-07,19000.0,19000.0,19100.0,18800.0
2022-01-10,19000.0,19000.0,19100.0,18800.0
2022-01-11,19000.0,19000.0,19100.0,19650.0
2022-01-12,19000.0,19000.0,20100.0,19650.0
2022-01-13,12600.0,13333.0,13550.0,12800.0
2022-01-14,12617.0,13400.0,13667.0,12917.0
2022-01-17,19000.0,18500.0,18600.0,18800.0
2022-01-18,12533.0,13367.0,13873.0,12833.0
2022-01-19,19000.0,18500.0,18600.0,18800.0
2022-01-20,19000.0,20000.0,20100.0,21000.0
2022-01-21,21000.0,21000.0,21100.0,21000.0
2022-01-24,19500.0,20000.0,19600.0,21000.0
2022-01-25,19500.0,20000.0,19600.0,21000.0
2022-01-26,19500.0,20000.0,19600.0,21000.0
2022-01-27,19500.0,20000.0,19600.0,21000.0
2022-01-28,12792.0,13367.0,13538.0,12808.0
2022-02-03,11400.0,12233.0,11963.0,11500.0
2022-02-04,11333.0,12133.0,11821.0,11425.0
2022-02-07,14000.0,16000.0,15600.0,16300.0
2022-02-08,13000.0,14000.0,14100.0,16300.0
2022-02-09,13000.0,13500.0,13600.0,14000.0
2022-02-10,12500.0,13000.0,13100.0,13650.0
2022-02-11,12500.0,13000.0,13100.0,13650.0
2022-02-14,10533.0,11467.0,10910.0,9900.0
2022-02-15,11000.0,11000.0,10600.0,10650.0
2022-02-16,10500.0,10000.0,9100.0,10650.0
2022-02-17,10500.0,9500.0,9100.0,10500.0
2022-02-18,10500.0,9500.0,9100.0,10500.0
2022-02-21,10000.0,10000.0,9100.0,10650.0
2022-02-22,10000.0,10000.0,10100.0,10650.0
2022-02-23,10000.0,10000.0,10100.0,9800.0
2022-02-24,10000.0,10000.0,10100.0,9800.0
2022-02-25,10000.0,9500.0,9600.0,10000.0
2022-02-28,8833.0,9167.0,9104.0,8092.0
2022-03-02,8800.0,9067.0,9041.0,8267.0
2022-03-03,9300.0,9000.0,9100.0,9500.0
2022-03-04,9300.0,9000.0,9100.0,9500.0
2022-03-07,9300.0,9000.0,9100.0,9500.0
2022-03-08,9150.0,9000.0,9100.0,9500.0
2022-03-10,9000.0,9000.0,8600.0,8800.0
2022-03-11,8300.0,8500.0,8600.0,8800.0
2022-03-14,9000.0,9000.0,9100.0,9000.0
2022-03-15,9000.0,9000.0,9100.0,9000.0
2022-03-16,8367.0,8267.0,8166.0,8442.0
2022-03-17,8358.0,8200.0,8140.0,8442.0
2022-03-18,8000.0,9000.0,8600.0,8800.0
2022-03-21,8000.0,9000.0,8600.0,9300.0
2022-03-22,8000.0,9000.0,8600.0,9300.0
2022-03-23,8000.0,10000.0,8600.0,12150.0
2022-03-24,8000.0,10000.0,8600.0,12150.0
2022-03-25,8000.0,10000.0,8600.0,11500.0
2022-03-28,10000.0,10000.0,10100.0,12150.0
2022-03-29,8183.0,7800.0,7852.0,7650.0
2022-03-30,8133.0,7700.0,7742.0,7600.0
2022-03-31,8000.0,7542.0,7663.0,7567.0
2022-04-01,9300.0,10000.0,9100.0,8500.0
2022-04-04,9300.0,10000.0,9100.0,9650.0
2022-04-05,9000.0,9000.0,9100.0,9650.0
2022-04-06,9000.0,9000.0,9100.0,9500.0
2022-04-07,9000.0,9000.0,8600.0,9500.0
2022-04-08,9000.0,9000.0,8600.0,9500.0
2022-04-11,9000.0,9000.0,8600.0,9500.0
2022-04-12,9000.0,9000.0,8600.0,7500.0
2022-04-13,7792.0,7700.0,7217.0,7508.0
2022-04-14,7758.0,7733.0,7208.0,7408.0
2022-04-15,7000.0,8000.0,7100.0,8000.0
2022-04-18,7542.0,7783.0,7175.0,7442.0
2022-04-19,7000.0,8000.0,7100.0,8300.0
2022-04-20,7000.0,8000.0,6600.0,8500.0
2022-04-21,7000.0,8000.0,6600.0,8300.0
2022-04-22,7000.0,8000.0,6600.0,8300.0
2022-04-25,7500.0,8000.0,6100.0,7000.0
2022-04-26,7433.0,8000.0,6100.0,6650.0
2022-04-27,7000.0,7092.0,7175.0,7250.0
2022-04-28,7000.0,7058.0,7204.0,7233.0
2022-04-29,7000.0,8000.0,7100.0,7300.0
2022-05-02,7000.0,7500.0,6600.0,7300.0
2022-05-03,7000.0,7500.0,6550.0,7300.0
2022-05-04,7000.0,7500.0,6550.0,7150.0
2022-05-06,7000.0,7325.0,7396.0,7133.0
2022-05-09,7250.0,7500.0,6600.0,7150.0
2022-05-10,7000.0,7500.0,5600.0,6300.0
2022-05-11,,7500.0,5600.0,7000.0
2022-11-29,14700.0,14200.0,14050.0,13760.0
2022-11-30,14100.0,13950.0,13950.0,13580.0
2022-12-01,13625.0,13700.0,13800.0,13865.0
2022-12-05,14408.0,14692.0,14500.0,15317.0
2022-12-06,14267.0,14617.0,14400.0,15438.0
2022-12-07,15000.0,16000.0,14000.0,13500.0
2022-12-08,15800.0,16000.0,15500.0,13500.0
2022-12-09,16000.0,16500.0,15500.0,18500.0
2022-12-12,16000.0,16500.0,17500.0,18500.0
2022-12-13,17150.0,15500.0,16500.0,17150.0
2022-12-14,14275.0,14706.0,14894.0,14780.0
2022-12-15,17150.0,15000.0,16500.0,16650.0
2022-12-16,17150.0,15000.0,16500.0,16150.0
2022-12-19,15000.0,16000.0,16000.0,16150.0
2022-12-20,16150.0,16000.0,15000.0,16650.0
2022-12-21,16150.0,16500.0,16500.0,16650.0
2022-12-22,17150.0,17000.0,17500.0,17500.0
2022-12-23,17150.0,18500.0,18500.0,18000.0
2022-12-26,13900.0,14500.0,16244.0,14192.0
2022-12-27,14000.0,14567.0,16140.0,14425.0
2022-12-28,13933.0,14670.0,16090.0,14483.0
2022-12-29,13883.0,14643.0,15887.0,14417.0
2022-12-30,17300.0,17000.0,17000.0,17500.0
2023-01-02,17300.0,17000.0,17000.0,17500.0
2023-01-03,17300.0,17000.0,17000.0,16650.0
2023-01-04,15150.0,17000.0,17000.0,16650.0
2023-01-05,14150.0,15500.0,15000.0,16650.0
2023-01-06,13533.0,14233.0,14944.0,13500.0
2023-01-09,14150.0,15500.0,14000.0,15800.0
2023-01-10,13650.0,15500.0,14000.0,13800.0
2023-01-11,13650.0,14000.0,13500.0,13800.0
2023-01-12,13650.0,14142.0,14088.0,13800.0
2023-01-13,14000.0,14000.0,14500.0,14150.0
2023-01-16,14000.0,14000.0,14000.0,13500.0
2023-01-17,14300.0,14500.0,14500.0,13800.0
2023-01-18,15000.0,15000.0,15000.0,15650.0
2023-01-19,15650.0,16000.0,15500.0,18650.0
2023-01-20,15650.0,16500.0,16000.0,19000.0
2023-01-25,15650.0,16500.0,13500.0,14150.0
2023-01-26,13067.0,13883.0,14000.0,13383.0
2023-01-27,13042.0,13867.0,14031.0,13375.0
2023-01-30,12433.0,12833.0,13363.0,12233.0
2023-01-31,13650.0,14500.0,14500.0,14500.0
2023-02-01,13650.0,14500.0,15000.0,15000.0
2023-02-02,14000.0,14500.0,14000.0,14500.0
2023-02-03,14000.0,14000.0,14000.0,14500.0
2023-02-06,13500.0,13500.0,13500.0,13300.0
2023-02-07,11767.0,11983.0,12221.0,11842.0
2023-02-08,11650.0,13000.0,13000.0,13300.0
2023-02-09,11300.0,12000.0,12000.0,11800.0
2023-02-10,11300.0,12000.0,12000.0,11800.0
2023-02-13,11300.0,12000.0,12000.0,11800.0
2023-02-14,12000.0,11500.0,12000.0,11150.0
2023-02-15,12300.0,12000.0,12000.0,11650.0
2023-02-16,12300.0,13000.0,13000.0,13000.0
2023-02-17,13300.0,13000.0,13000.0,12800.0
2023-02-20,13800.0,13000.0,13500.0,12800.0
2023-02-21,13800.0,13000.0,13500.0,12800.0
2023-02-22,9367.0,9833.0,9175.0,8592.0
2023-02-23,9200.0,9633.0,9104.0,8425.0
2023-02-24,9133.0,9500.0,9041.0,8392.0
2023-02-27,9000.0,9333.0,8875.0,8558.0
2023-02-28,11800.0,11500.0,11500.0,10650.0
2023-03-02,12300.0,12000.0,11500.0,11300.0
2023-03-03,12300.0,12000.0,11500.0,11800.0
2023-03-06,12300.0,12000.0,11500.0,11500.0
2023-03-07,12500.0,11500.0,12000.0,11000.0
2023-03-08,8833.0,8808.0,8675.0,8532.0
2023-03-09,11300.0,11000.0,11000.0,10500.0
2023-03-10,11300.0,10500.0,11000.0,10500.0
2023-03-13,10150.0,10000.0,10000.0,9800.0
2023-03-14,8703.0,8858.0,8467.0,8723.0
2023-03-15,9500.0,10000.0,8500.0,9650.0
2023-03-16,9500.0,10000.0,8000.0,10000.0
2023-03-17,8650.0,10000.0,8000.0,10000.0
2023-03-20,8500.0,10000.0,10000.0,12000.0
2023-03-21,8300.0,10000.0,9500.0,11300.0
2023-03-22,8300.0,10000.0,9500.0,11000.0
2023-03-23,8650.0,10000.0,9000.0,10000.0
2023-03-24,8333.0,8433.0,8269.0,8292.0
2023-03-27,8358.0,8258.0,8283.0,8167.0
2023-03-28,8342.0,8225.0,8229.0,8217.0
2023-03-29,8650.0,10000.0,8000.0,8800.0
2023-03-30,8650.0,10000.0,8000.0,8500.0
2023-03-31,8650.0,10000.0,8000.0,8500.0
2023-04-03,8650.0,10000.0,8000.0,8500.0
2023-04-04,8650.0,10000.0,8000.0,8500.0
2023-04-05,8000.0,9000.0,7500.0,8000.0
2023-04-06,8000.0,8500.0,7500.0,7800.0
2023-04-07,8000.0,8500.0,8000.0,8000.0
2023-04-10,8033.0,8000.0,7888.0,8017.0
2023-04-11,8133.0,8133.0,7896.0,8075.0
2023-04-12,8000.0,8500.0,8000.0,9150.0
2023-04-13,7892.0,8167.0,7829.0,8053.0
2023-04-14,8000.0,8500.0,9000.0,8500.0
2023-04-17,8000.0,8500.0,9000.0,9000.0
2023-04-18,8000.0,8500.0,8500.0,9000.0
2023-04-19,8000.0,8500.0,8500.0,8800.0
2023-04-20,8000.0,8500.0,8000.0,8800.0
2023-04-21,7500.0,8067.0,7665.0,7993.0
2023-04-24,7500.0,7900.0,7504.0,7746.0
2023-04-25,8000.0,8500.0,8000.0,8300.0
2023-04-26,8000.0,8500.0,8000.0,8300.0
2023-04-27,8000.0,8500.0,8500.0,8300.0
2023-04-28,7458.0,7567.0,7402.0,7380.0
2023-05-02,8000.0,8500.0,8500.0,8300.0
2023-05-03,7333.0,7633.0,7680.0,7438.0
2023-05-04,8000.0,8500.0,8500.0,8300.0
2023-12-05,20000.0,18500.0,,14650.0
2023-12-06,20000.0,18500.0,,14650.0
2023-12-07,20000.0,18500.0,,17000.0
2023-12-08,20000.0,18500.0,,16650.0
2023-12-11,19000.0,18500.0,,15000.0
2023-12-12,18000.0,18500.0,,15000.0
2023-12-13,16500.0,18000.0,,15000.0
2023-12-14,16500.0,17000.0,,15300.0
2023-12-15,15500.0,17000.0,,14650.0
2023-12-18,15500.0,17000.0,,15000.0
2023-12-19,14773.0,15017.0,,15133.0
2023-12-20,14773.0,15150.0,,15190.0
2023-12-21,16500.0,17000.0,,18800.0
2023-12-22,18000.0,18000.0,,19000.0
2023-12-26,19500.0,18000.0,,17000.0
2023-12-27,20000.0,19000.0,,18300.0
2023-12-28,20000.0,19000.0,,16800.0
2023-12-29,20000.0,19000.0,,17500.0
2024-01-02,15307.0,15833.0,,15265.0
2024-01-03,18000.0,19000.0,,16300.0
2024-01-04,14870.0,15608.0,,15083.0
2024-01-05,15500.0,16000.0,,15500.0
2024-01-08,14275.0,14967.0,,14638.0
2024-01-09,15000.0,15000.0,,15300.0
2024-01-10,14500.0,15000.0,,14650.0
2024-01-11,14500.0,15000.0,,15000.0
2024-01-12,14500.0,15000.0,,17000.0
2024-01-15,16000.0,16500.0,,17800.0
2024-01-16,17000.0,16500.0,,17300.0
2024-01-17,17000.0,16500.0,,18150.0
2024-01-18,14840.0,15142.0,,15515.0
2024-01-19,14850.0,15142.0,,15425.0
2024-01-22,14488.0,15075.0,,15042.0
2024-01-23,17500.0,19000.0,,19650.0
2024-01-24,18500.0,20000.0,,20000.0
2024-01-25,18500.0,20000.0,,20500.0
2024-01-26,19000.0,20000.0,,20800.0
2024-01-29,19000.0,20000.0,,19150.0
2024-01-30,19000.0,20000.0,,19150.0
2024-01-31,19000.0,18500.0,,18800.0
2024-02-01,19000.0,17500.0,,19000.0
2024-02-02,12587.0,12867.0,,12895.0
2024-02-05,12263.0,12517.0,,12792.0
2024-02-06,19000.0,18000.0,,18800.0
2024-02-07,11907.0,12183.0,,12422.0
2024-02-08,21000.0,18000.0,,21300.0
2024-02-13,21000.0,18000.0,,16000.0
2024-02-14,16500.0,17000.0,,14150.0
2024-02-15,14500.0,17000.0,,14150.0
2024-02-16,13500.0,17000.0,12800.0,12650.0
2024-02-19,13500.0,15000.0,12400.0,12300.0
2024-02-20,9792.0,9992.0,12400.0,9292.0
2024-02-21,9775.0,10008.0,12000.0,9140.0
2024-02-22,12000.0,12000.0,12000.0,12300.0
2024-02-23,12000.0,12000.0,9478.0,13150.0
2024-02-26,13500.0,12000.0,9171.0,15650.0
2024-02-27,13500.0,12000.0,13050.0,14800.0
2024-02-28,14500.0,12000.0,13650.0,15800.0
2024-02-29,15000.0,12000.0,14300.0,15800.0
2024-03-04,13500.0,12000.0,13650.0,14000.0
2024-03-05,13000.0,12000.0,9171.0,13000.0
2024-03-06,9088.0,9167.0,13300.0,9175.0
2024-03-07,9070.0,9167.0,13300.0,9120.0
2024-03-08,13500.0,13500.0,13650.0,13800.0
2024-03-11,13500.0,13000.0,13250.0,13000.0
2024-03-12,13500.0,13000.0,12750.0,12150.0
2024-03-13,13000.0,12000.0,12900.0,12500.0
2024-03-14,13000.0,12000.0,12900.0,12500.0
2024-03-15,12000.0,12000.0,13300.0,13300.0
2024-03-18,12000.0,12000.0,12800.0,12500.0
2024-03-19,8379.0,8700.0,8442.0,8738.0
2024-03-20,8317.0,8700.0,8478.0,8754.0
2024-03-21,8243.0,8767.0,8503.0,8963.0
2024-03-22,8243.0,8833.0,8470.0,9180.0
2024-03-25,10500.0,11000.0,11150.0,11150.0
2024-03-26,10500.0,10500.0,10150.0,10300.0
2024-03-27,10500.0,10500.0,10150.0,10300.0
2024-03-28,10500.0,10500.0,11500.0,11150.0
2024-03-29,10500.0,10500.0,10150.0,11150.0
2024-04-01,8383.0,8867.0,7888.0,8133.0
2024-04-02,11000.0,12000.0,10150.0,12300.0
2024-04-03,10500.0,11000.0,9800.0,11650.0
2024-04-04,10000.0,11000.0,9000.0,10500.0
2024-04-05,8253.0,8567.0,7984.0,7895.0
2024-04-08,10000.0,11000.0,9000.0,10800.0
2024-04-09,10000.0,11000.0,9000.0,10800.0
2024-04-11,10000.0,10500.0,9000.0,10150.0
2024-04-12,10000.0,10500.0,9000.0,10650.0
2024-04-15,10000.0,10500.0,8300.0,10800.0
2024-04-16,9500.0,10500.0,8300.0,8500.0
2024-04-17,9500.0,9500.0,7800.0,8500.0
2024-04-18,7542.0,8033.0,7550.0,7972.0
2024-04-19,7533.0,8033.0,7456.0,8017.0
2024-04-22,7500.0,7933.0,7250.0,7817.0
2024-04-23,9500.0,9500.0,7800.0,7650.0
2024-04-24,9500.0,9500.0,7800.0,7650.0
2024-04-25,9500.0,9500.0,7800.0,9000.0
2024-04-26,9500.0,9500.0,7800.0,9800.0
2024-04-29,9500.0,9500.0,7800.0,10150.0
2024-04-30,7400.0,7617.0,7086.0,7333.0
2024-05-02,9500.0,9500.0,8650.0,8300.0
2024-05-03,9500.0,9000.0,8650.0,8800.0
2024-05-07,8500.0,8500.0,8650.0,7650.0
2024-05-08,8500.0,8500.0,8650.0,8650.0
2024-05-09,8500.0,8500.0,8650.0,7800.0
2024-05-10,8500.0,8500.0,8650.0,7650.0
2024-12-31,19000.0,19000.0,24800.0,18800.0
2025-01-03,18000.0,19000.0,22600.0,18800.0
2025-01-06,18000.0,18500.0,20500.0,16650.0
2025-01-07,17000.0,18500.0,20000.0,15500.0
2025-01-08,17000.0,17500.0,19750.0,16000.0
2025-01-09,17000.0,17000.0,19650.0,15300.0
2025-01-10,14807.0,15167.0,15625.0,15373.0
2025-01-13,15030.0,15183.0,15925.0,15552.0
2025-01-14,17000.0,16500.0,20000.0,16650.0
2025-01-15,17000.0,16000.0,19000.0,17150.0
2025-01-16,17000.0,16000.0,18650.0,16500.0
2025-01-17,17500.0,16000.0,18650.0,17800.0
2025-01-20,17500.0,16000.0,17150.0,18300.0
2025-01-21,17500.0,16000.0,17150.0,18300.0
2025-01-22,16221.0,16875.0,15975.0,17512.0
2025-01-23,16500.0,16000.0,17150.0,17500.0
2025-01-24,15921.0,17192.0,15806.0,17488.0
2025-01-31,16500.0,16000.0,16300.0,17300.0
2025-02-03,16500.0,16000.0,16300.0,13800.0
2025-02-04,16000.0,16000.0,16300.0,13500.0
2025-02-05,14000.0,16000.0,20300.0,13800.0
2025-02-06,14000.0,16000.0,21650.0,12500.0
2025-02-07,15000.0,16000.0,21650.0,15150.0
2025-02-10,15000.0,16000.0,21650.0,15500.0
2025-02-11,12008.0,12317.0,12019.0,12093.0
2025-02-12,11950.0,12242.0,11963.0,12000.0
2025-02-13,14500.0,12250.0,11863.0,12001.0
2025-02-14,11963.0,12158.0,11644.0,11950.0
2025-02-17,14500.0,16000.0,18000.0,14300.0
2025-02-18,11400.0,16000.0,18000.0,14300.0
2025-02-19,13500.0,14000.0,16000.0,13500.0
2025-02-20,13000.0,14000.0,14300.0,13150.0
2025-02-21,13000.0,14000.0,17300.0,12650.0
2025-02-24,10717.0,10600.0,10916.0,10053.0
2025-02-25,13000.0,14000.0,15650.0,11800.0
2025-02-26,13000.0,14000.0,16300.0,11800.0
2025-02-27,11500.0,14000.0,15300.0,11800.0
2025-02-28,10377.0,10333.0,10108.0,10043.0
2025-03-04,11000.0,14000.0,17300.0,13000.0
2025-03-05,11000.0,11500.0,10899.0,12150.0
2025-03-06,10500.0,11500.0,,12150.0
2025-03-07,10500.0,11500.0,,13500.0
2025-03-10,11250.0,11500.0,,12800.0
2025-03-11,11250.0,11500.0,,12500.0
2025-03-12,11250.0,11500.0,,11150.0
2025-03-13,9370.0,9392.0,,9307.0
2025-03-14,9262.0,9358.0,,9280.0
2025-03-17,8797.0,9333.0,,9480.0
2025-03-18,10000.0,10000.0,,11300.0
2025-03-19,10000.0,10000.0,,10000.0
2025-03-20,10000.0,10000.0,8842.0,10300.0
2025-03-21,10500.0,10000.0,8908.0,10800.0
2025-03-24,10500.0,10000.0,8767.0,10000.0
2025-03-25,10500.0,10000.0,8783.0,9650.0
2025-03-26,10250.0,10000.0,10800.0,9000.0
2025-03-27,10000.0,9500.0,10650.0,7150.0
2025-03-28,8475.0,9500.0,10150.0,9333.0
2025-03-31,8523.0,9633.0,10150.0,8807.0
2025-04-01,10000.0,8500.0,10150.0,8500.0
2025-04-02,8683.0,9617.0,8658.0,8725.0
2025-04-03,10000.0,8500.0,10150.0,8150.0
2025-04-04,10000.0,10500.0,11000.0,8150.0
2025-04-07,10500.0,10500.0,11000.0,9500.0
2025-04-08,10500.0,10500.0,10650.0,10000.0
2025-04-09,10500.0,9000.0,9750.0,9650.0
2025-04-10,9500.0,9000.0,9150.0,8650.0
2025-04-11,9500.0,8650.0,8800.0,9650.0
2025-04-14,8000.0,8500.0,8233.0,8373.0
2025-04-15,7933.0,8442.0,8085.0,8375.0
2025-04-16,7900.0,8442.0,8035.0,8363.0
2025-04-17,9000.0,8650.0,8500.0,10500.0
2025-04-18,9000.0,8650.0,8500.0,9500.0
2025-04-21,9000.0,8650.0,8000.0,9500.0
2025-04-22,9000.0,8650.0,7300.0,6800.0
2025-04-23,8250.0,7650.0,7300.0,7150.0
2025-04-24,7867.0,8400.0,7648.0,8094.0
2025-04-25,7750.0,7000.0,6800.0,7000.0
2025-04-28,7750.0,7000.0,6800.0,8300.0
2025-04-29,7750.0,7000.0,6800.0,8500.0
2025-04-30,7750.0,7000.0,6800.0,8300.0
2025-12-01,21000.0,20150.0,24500.0,19800.0
2025-12-02,20000.0,20150.0,24000.0,20300.0
2025-12-03,20000.0,20000.0,24000.0,19150.0
2025-12-04,20000.0,20000.0,22650.0,18650.0
2025-12-08,20000.0,20000.0,24650.0,18150.0
2025-12-09,20000.0,18500.0,24650.0,18150.0
2025-12-10,16697.0,16606.0,16167.0,16719.0
2025-12-11,16559.0,16644.0,16283.0,16648.0
2025-12-12,16418.0,16500.0,16300.0,16538.0
2025-12-15,18000.0,17150.0,23500.0,16650.0
2025-12-16,18000.0,17150.0,23500.0,16500.0
2025-12-17,18000.0,16650.0,23500.0,16800.0
2025-12-18,18000.0,16650.0,23650.0,19150.0
2025-12-19,18000.0,16650.0,23650.0,19300.0
2025-12-22,16938.0,17400.0,16950.0,17660.0
2025-12-23,20000.0,19650.0,24000.0,21150.0
2025-12-24,21000.0,21650.0,23650.0,21300.0
2025-12-26,21000.0,21650.0,26000.0,21650.0
2025-12-29,21000.0,21150.0,28000.0,21650.0
2025-12-30,21000.0,21150.0,28000.0,21650.0
2025-12-31,21000.0,21150.0,28000.0,23300.0
2026-01-02,21000.0,21150.0,28300.0,23300.0
2026-01-05,20650.0,17150.0,28300.0,23300.0
2026-01-06,20650.0,16300.0,27000.0,20000.0
2026-01-07,20150.0,16300.0,27000.0,19000.0
2026-01-08,15575.0,16300.0,16570.0,15504.0
2026-01-09,15283.0,15933.0,16590.0,15290.0
2026-01-12,15387.0,15592.0,16809.0,15318.0
2026-01-13,15497.0,15517.0,23000.0,15555.0
2026-01-14,19000.0,16300.0,22300.0,18300.0
2026-01-15,19000.0,16300.0,15650.0,18300.0
2026-01-16,19000.0,16300.0,14300.0,18650.0
2026-01-19,19000.0,15300.0,14000.0,18500.0
2026-01-20,18500.0,15300.0,16243.0,17500.0
2026-01-21,16621.0,16500.0,14650.0,17743.0
2026-01-22,17500.0,15650.0,14500.0,17000.0
2026-01-23,17500.0,15650.0,18650.0,17500.0
2026-01-26,17800.0,17150.0,,15650.0
2026-01-27,16452.0,17000.0,,16842.0
2026-01-28,17800.0,18000.0,22650.0,17150.0
2026-01-29,18150.0,18650.0,24000.0,21150.0
2026-01-30,18150.0,19300.0,24000.0,21150.0
2026-02-02,18150.0,19300.0,25300.0,19650.0
2026-02-03,18150.0,19500.0,22150.0,18000.0
2026-02-04,18150.0,18500.0,23300.0,18000.0
2026-02-05,18150.0,17300.0,22300.0,17500.0
2026-02-06,14753.0,15533.0,15846.0,15507.0
2026-02-09,13417.0,14133.0,14709.0,14018.0
2026-02-10,13233.0,13867.0,14223.0,13513.0
2026-02-11,16150.0,14650.0,20650.0,15300.0
2026-02-12,16150.0,14650.0,24650.0,14300.0
2026-02-13,16150.0,14650.0,23650.0,14650.0
2026-02-19,16150.0,14650.0,23650.0,14650.0
2026-02-20,16150.0,14650.0,18000.0,10800.0
2026-02-23,11867.0,11567.0,11573.0,11603.0
2026-02-24,11000.0,10150.0,14000.0,9300.0
2026-02-25,10000.0,9150.0,14150.0,9000.0
2026-02-26,9650.0,9150.0,14500.0,9300.0
2026-02-27,9500.0,8650.0,14650.0,10000.0
2026-03-03,10000.0,8800.0,13500.0,10300.0
2026-03-04,10000.0,8800.0,12650.0,9650.0
2026-03-05,10000.0,8800.0,12500.0,9650.0
2026-03-06,10000.0,8800.0,12800.0,9650.0
2026-03-09,10000.0,8800.0,14000.0,10000.0
2026-03-10,9650.0,8300.0,14300.0,10000.0
2026-03-11,10196.0,10392.0,10798.0,10494.0
2026-03-12,10129.0,10225.0,10705.0,10248.0
2026-03-13,9962.0,10058.0,10557.0,10067.0
2026-03-16,9500.0,8300.0,16650.0,10500.0
2026-03-17,9500.0,8300.0,16650.0,10000.0
2026-03-18,9500.0,8300.0,16000.0,9500.0
2026-03-19,9500.0,8300.0,14000.0,9650.0
2026-03-20,9500.0,8300.0,14000.0,8650.0
2026-03-23,9262.0,9867.0,9493.0,10349.0
2026-03-24,9500.0,8000.0,15000.0,9300.0
2026-03-25,9300.0,8500.0,14500.0,9000.0
2026-03-26,9300.0,8500.0,14500.0,8800.0
2026-03-27,9300.0,8500.0,14800.0,8300.0
2026-03-30,9000.0,8000.0,14300.0,8500.0
2026-03-31,8800.0,8000.0,12650.0,6500.0
2026-04-01,8800.0,7300.0,12300.0,7500.0
2026-04-02,8800.0,7150.0,12300.0,7500.0
2026-04-03,8650.0,7150.0,14000.0,7300.0
2026-04-06,8650.0,7150.0,14150.0,7500.0
2026-04-07,9000.0,9133.0,8567.0,9013.0
2026-04-08,9000.0,9133.0,8567.0,8938.0
2026-04-09,9000.0,9010.0,8533.0,9005.0
2026-04-10,8300.0,6150.0,13150.0,8150.0
2026-04-13,8300.0,6650.0,13800.0,8000.0
2026-04-14,8300.0,6300.0,13800.0,8500.0
2026-04-15,8250.0,6300.0,13650.0,8150.0
2026-04-16,8250.0,6150.0,13650.0,7650.0
2026-04-17,8000.0,6150.0,13300.0,7650.0
2026-04-20,8000.0,7650.0,12150.0,7150.0
2026-04-21,8000.0,7650.0,12500.0,7150.0
2026-04-22,7900.0,8250.0,7593.0,7997.0
2026-04-23,7817.0,8140.0,7447.0,7791.0
2026-04-24,8000.0,7150.0,12650.0,7500.0
2026-04-27,7625.0,7888.0,7213.0,7673.0
2026-04-28,8000.0,7150.0,12300.0,7500.0
2026-04-29,8000.0,6650.0,12300.0,7300.0
2026-04-30,8000.0,6300.0,12300.0,7300.0
