date,market,type,source_regions,price_grade_상,price_grade_중,trend_note,forecast,year
2020-01-07,부산,소매,"경남 진주, 양산, 밀양지역에서 주로 반입됨",1700.0,1500.0,"산지 출하량이 소폭 감소하였으나, 금주 지역내 지속적인 우천으로 인해 거래가 한산하여 소비감소를 통한 약보합세",향후 기상이 회복하고 거래량 증가가 예상되어 강보합세 전망,2020
2020-01-08,광주,소매,"전남 담양, 장성, 고흥 등지에서 주 출하됨",2000.0,1800.0,"최근 잦은 우천과 일조량 감소 등 생육여건 악화와 출하작업 지연으로 공급물량이 감소한데다, 제철을 맞아 디저트 재료(케이크, 타르트 등)로 제과점, 카페 등 수요가 증가하면서 오름세에 거래됨",비교적 꾸준한 수요와 기온하강에 따른 출하량 감소가 예상되어 강보합세 전망,2020
2020-01-08,대구,중도매,"경남 거창, 합천, 밀양, 경북 고령, 청도 등의 지역에서 주로 반입됨",31000.0,26000.0,이번 주 우천으로 인해 시장 거래량 많지 않아 시장 내 물량 풍부하여 내림세에 거래됨,다음 주부터 설 명절을 맞이해 과일 선물세트 반입이 늘어나 소비 분산될 것으로 보여 보합세 전망,2020
2020-01-08,대전,소매,"대전, 충남 금산, 논산, 전북 익산, 충북 음성, 경남 하동, 사천, 진주, 산청 등에서 출하됨",1500.0,1200.0,제철을 맞이해 출하물량이 풍부함에 따라 시장 내 물량도 풍부하여 가격의 내림세를 보임,당분간 제철 과일로 소비자들의 수요가 꾸준할 것으로 예상되어 가격의 약보합세 또는 보합세가 전망됨,2020
2020-01-20,광주,소매,"전남 담양, 장성, 곡성 등지에서 주 출하됨",1800.0,1500.0,"설 성수기를 맞이하면서 제수용품 및 선물용으로 명절 수요가 많은 사과, 배 위주로 거래가 이루어지면서 구매수요 감소로 내림세에 거래됨","빨리 물러지는 등 저장성이 약하나, 제수용 수요가 다소 있을 것으로 예상되어 주중 강보합세 전망",2020
2020-01-22,광주,소매,"전남 담양, 곡성, 장성 등지에서 주 출하됨",2000.0,1800.0,"설 명절을 맞아 제수용품 및 선물용으로 수요가 많은 사과, 배에 비해 구매수요는 낮으나, 1월 상순대비 기온하강으로 인한 생육여건 악화로 출하가 원활하지 못해 오름세에 거래됨",저장성이 약한 품목 특성상 설날 1~2일 전 수요가 있을 것으로 보여 강보합세 전망,2020
2020-01-23,부산,소매,"경남 진주, 양산, 밀양지역에서 주로 반입됨",2000.0,1800.0,"명절대비 딸기의 수요가 높아지고 최근 우천, 추위 등의 영향으로 출하가 원활하지 못해 강보합세",명절 이후 수요의 감소로 약보합세 전망,2020
2020-01-23,대구,중도매,"경남 거창, 합천, 밀양, 경북 고령, 청도 등의 지역에서 주로 반입됨",35000.0,29000.0,어제부터 내린 우천으로 인해 시장 반입량 감소하고 설 명절까지 경매가 없어 소폭 오름세에 거래됨,향후 명절 이후 수요 감소할 것으로 예상되어 약보합세 전망,2020
2020-01-28,부산,소매,"경남 진주, 양산, 밀양지역에서 주로 반입됨",1700.0,1500.0,명절 종료 후 시장 내 거래 한산으로 인해 수요가 감소하여 약보합세,명절 이후 수요의 감소로 당분간 보합세 혹은 약보합세 전망,2020
2020-01-29,부산,중도매,"경남 삼량진, 진주, 함안지역에서 주로 반입됨",25000.0,21000.0,"전일부터 산지 출하작업이 다시 시작되면서 시장내 반입량은 증가하나, 명절직후 대형수급처의 주문량 감소로 약보합세",향후에도 당분간은 명절이후 소비량 감소로 약보합세 전망,2020
2020-01-29,광주,소매,"전남 담양, 곡성, 장성 등지에서 주 출하됨",1800.0,1500.0,"지난 설 명절 도매시장 휴업으로 경매가 중단되면서 높은 가격대에 거래되었으나, 연휴로 밀려있던 수확작업이 재개되면서 출하물량이 크게 늘어 내림세에 거래됨","각 가정마다 명절에 구입한 과일 재고가 남아있어 소비둔화가 예상되나, 당분간 원활한 출하로 약보합세 전망",2020
2020-01-31,부산,소매,"경남 진주, 양산, 밀양지역에서 주로 반입됨",1300.0,1100.0,"명절 이후 수요가 감소하고, 또한 최근 유행중인 코로나 바이러스의 영향으로 시장내 거래한산으로 약보합세",명절 이후 수요의 감소로 약보합세 전망,2020
2020-02-04,광주,소매,"전남 담양, 장성, 곡성 등지에서 주 출하됨",1300.0,1000.0,"각 가정마다 명절에 구입한 과일이 남아 있어 전반적인 과일류 소비가 둔화된 가운데, 수요대비 출하대기물량이 많아 공급물량 증가로 내림세를 형성함",신종 코로나바이러스 감염증 발병으로 각종 모임이 제한되면서 수요 감소가 예상되어 약보합세 전망,2020
2020-02-05,대구,소매,"경남 거창, 합천, 밀양, 경북 고령, 청도 등의 지역에서 주로 반입됨",1300.0,800.0,"명절 이후 수요가 감소하고, 최근 신종 바이러스로 인하여 시장 내 거래량 감소로 내림세에 거래됨",신종 바이러스의 영향으로 향후에도 시장 내 거래량 감소가 유지될 것으로 보여 약보합세 전망,2020
2020-02-10,부산,소매,"경남 진주, 양산, 밀양지역에서 주로 반입됨",1200.0,1000.0,"출하물량이 크게 증가하고, 시장내 거래한산으로 약보합세",향후 출하물량 증가와 소비감소로 인하여 보합세 혹은 약보합세 전망,2020
2020-02-19,광주,중도매,"전남 담양, 장성, 충남 논산, 전북 남원, 익산, 경북 고령 지역에서 출하됨",19000.0,14000.0,"제철로 인하여 산지 출하량은 늘어나고 있으나, 각종행사 및 단체모임 자제로 수요가 감소하여 내림세에 거래됨.",향후에도 산지 출하량은 늘어나는 반면 요식업소 및 나들이객 수요 감소가 예상되어 약보합세가 전망됨.,2020
2020-02-19,서울,중도매,"경남 산청, 전남 담양, 충남 홍성, 전북 남원ㆍ익산지역에서 주로 출하됨",18000.0,14000.0,"주중을 맞아 반입량은 전일대비 25.8% 감소한 181톤이 반입되었으나, 전일재고량 누적으로 내림세에 거래됨",향후에는 기온상승에 따른 산지출하량 증가로 내림세를 전망함,2020
2020-02-21,대전,소매,"경남 진주, 하동, 의령, 산청, 사천, 충남 논산, 금산, 대전, 계룡, 충북 옥천, 보은, 전북 익산 등에서 출하됨",1000.0,800.0,제철을 맞이해 출하물량이 풍부하여 시장 내 물량도 풍부함에 따라 가격의 내림세를 보임,향후 제철인 5월까지는 출하물량이 풍부할 것으로 예상되어 가격의 보합세 또는 약보합세가 전망됨,2020
2020-02-24,서울,중도매,"경남 산청, 전남 담양, 충남 논산ㆍ공주, 전북 남원지역에서 주로 출하됨",20000.0,16000.0,"지역별 품위에 따라 가격 편차가 큰 가운데, 주초를 맞아 반입량은 전일대비 7.3% 증가한 280톤이 반입되어 반입량 증가로 내림세에 거래됨",향후에도 상품성이 우수한 담양산은 강보합세가 지속 될 전망임,2020
2020-02-25,서울,중도매,"경남 산청, 전남 담양, 충남 논산ㆍ홍성, 전북 남원지역에서 주로 출하됨",18000.0,14000.0,"반입량은 전일과 비슷한 276톤이 반입되었으며, 우천에 따른 소비부진으로 내림세에 거래됨",향후에는 기온상승에 따른 산지 출하량 증가가 예상되어 내림세를 전망함,2020
2020-02-27,서울,중도매,"경남 산청ㆍ고성, 전남 담양, 충남 공주ㆍ홍성지역에서 주로 출하됨",20000.0,16000.0,반입량은 전일대비 7.8% 감소한 188톤이 반입되어 반입량 감소로 오름세에 거래됨,향후에는 기온상승에 따른 산지 출하량 증가가 예상되어 내림세를 전망함,2020
2020-03-05,부산,소매,"경남 진주, 양산, 밀양지역에서 주로 반입됨",1100.0,900.0,소비부진의 지속으로 시장내 반입량을 줄여 가격의 오름세를 보임,향후 반입량과 수요량이 현재와 비슷할 것으로 예상되어 보합세 혹은 약보합세 전망,2020
2020-03-06,대구,중도매,"경남 거창, 합천, 밀양, 경북 성주, 청도 등의 지역에서 주로 반입됨",17000.0,12000.0,"산지에서 출하량을 증가시켜, 시장 내 반입량이 증가하여 내림세에 거래됨.",당분간 보합세 전망.,2020
2020-03-09,대전,소매,주로 경남 진주에서 출하됨,1200.0,1000.0,"당도가 높고 상태가 양호하며, 제철 과일로 소비자들의 수요량도 꾸준함에 따라 가격의 오름세를 보임",향후 제철인 5월까지는 출하물량 및 수요량이 꾸준할 것으로 예상되어 가격의 보합세가 전망됨,2020
2020-03-11,부산,중도매,"경남 진주, 함안, 양산 등에서 주로 출하됨",17000.0,13000.0,출하 및 시장내 반입량 대비 지속적인 소비부진의 영향으로 약보합세,향후에도 소비부진이 이어질 것으로 예상되어 보합세 혹은 약보합세 전망,2020
2020-03-12,대전,중도매,"출하지역은 대전, 충남 금산, 논산, 경남 하도,  등에서 주 출하됨.",17000.0,15000.0,최근 기온 상승으로 일조량이 증가와 제철 딸기 소비 증가 기대로 오름세를 보임,향후 기상호조로 반입량은 증가하나 소비 감소가 예상되어 약보합세를 보일것으로 전망됨,2020
2020-03-12,서울,중도매,"경남 산청, 전남 담양, 충남 부여, 홍성, 전북 익산 지역에서 주로  출하됨.",20000.0,16000.0,반입량은 전일대비 20.0% 감소한 156톤이 반입되어 반입량 감소로 오름세에 거래됨.,향후에는 기온 상승과 출하 종료기를 맞아 상품성(무름 현상등) 저하로 내림세를 전망함,2020
2020-03-12,광주,소매,"전남 담양, 장성, 고창 등지에서 주 출하됨",1200.0,1000.0,"재배면적이 늘었으나 잦은 비와 일조량 부족 등 기상악화로 인한 작황부진으로 출하량이 감소한 가운데, 품질이 좋지 않은데다, 소비도 부진하여 내림세에 거래됨","기온상승으로 숙기가 빨라져 출하가 조기 마무리 될 것으로 예상되며, 소비부진이 지속될 경우 약보합세 전망",2020
2020-03-16,서울,중도매,"경남 산청, 전남 담양, 충남 논산ㆍ홍성ㆍ공주지역에서 주로 출하됨",18000.0,14000.0,주초를 맞아 반입량은 전일대비 17.3% 증가한 292톤이 반입되어 반입량 증가로 내림세에 거래됨,향후에도 당분간은 시장 내 소비부진으로 약보합세를 전망함,2020
2020-03-17,서울,중도매,"경남 산청ㆍ거창, 전남 담양, 충남 홍성, 전북 남원지역에서 주로 출하됨",17000.0,13000.0,"반입량은 전일대비 18.2% 감소한 239톤이 반입되었으나, 전일 재고량 증가로  내림세에 거래됨",향후에는 제철과일로(오렌지ㆍ참외 등)의 소비분산으로 내림세를 전망함,2020
2020-03-17,부산,중도매,"경남 진주, 함안, 양산 등에서 주로 출하됨",17000.0,13000.0,출하 및 시장내 반입량 대비 지속적인 소비부진의 영향으로 약보합세,향후에도 소비부진이 이어질 것으로 예상되어 보합세 혹은 약보합세 전망,2020
2020-03-17,대구,중도매,"경남 거창, 합천, 밀양, 경북 성주, 청도 등의 지역에서 주로 반입됨.",16000.0,11000.0,금일 시장 반입 물량의 품위 하락으로 인해 내림세에 거래됨.,향후 양질의 상품이 재유입될 것으로 예상되어 보합세 전망.,2020
2020-03-19,부산,소매,"경남 진주, 양산, 밀양지역에서 주로 반입됨",1100.0,900.0,"시장 내 반입량은 증가하였으나, 소비가 부진하여 가격의 내림세를 보임",향후 반입량과 수요량이 현재와 비슷할 것으로 예상되어 보합세 혹은 약보합세 전망,2020
2020-03-19,서울,중도매,"경남 산청, 전남 담양, 충남 홍성ㆍ공주ㆍ논산지역에서 주로 출하됨",18000.0,14000.0,반입량은 전일대비 3.6% 감소한 185톤이 반입되어 반입량 감소로 오름세에 거래됨,향후에도 상품성이 우수한 담양지역에서 출하되는 딸기는 강세가 지속 될 전망임,2020
2020-03-26,서울,중도매,"경남 산청, 전남 담양, 충남 공주, 홍성, 논산 지역에서  주로 출하됨",17000.0,13000.0,"반입량은 전일과 비슷한 204톤이 반입되었으나, 제철과일(오렌지, 참외등)로 소비분산으로 내림세에 거래됨",향후에는 기온 상승에 따른 상품성(무름 현상등) 저하로 내림세를 전망함,2020
2020-03-30,광주,중도매,"경남 산청, 충남 논산, 전남 담양, 전북 익산, 경북 고령 지역에서  주로 반입됨",17000.0,12000.0,기온이 포근해지면서 최근 벗꽃놀이로 인한 간식용으로 수요가 활발하면서 소폭 오름세에 거래됨..,향후에도 봄철로 인한 나들이객 수비증가로 강보합세가 전망됨.,2020
2020-03-30,서울,중도매,"경남 산청, 전남 담양, 충남 홍성ㆍ공주ㆍ논산지역에서 주로 출하됨",20000.0,16000.0,주초를 맞아 반입량은 전일대비 11.8% 감소한 209톤이 반입되어 반입량 감소로 오름세에 거래됨,향후에도 제철과일로(참외ㆍ오렌지 등)의 소비분산으로 내림세를 전망함,2020
2020-03-31,서울,중도매,"경남 산청, 전남 담양, 충남 홍성ㆍ공주ㆍ논산지역에서 주로 출하됨",18000.0,14000.0,최근 꾸준한 가격을 보인가운데 제철 과일로의 소비분산으로 내림세에 거래됨,향후에도 기온상승에 따른 품위 저하로 약보합세를 전망함,2020
2020-04-01,대구,중도매,"경남 하동, 거창, 대구 북구 등의 지역에서 주로 반입됨.",19000.0,12000.0,"제철이 지나 시장 반입량이 지속적으로 감소하고 있는 반면, 소비자 수요는 꾸준히 유지되고 있어 오름세에 거래됨.","향후에도 반입량 감소세는 지속될 것으로 예상되나, 기온 상승으로 인해 소비자의 새로운 대체과일에 대한 수요가 증가할 것으로 예상되어 보합세 전망.",2020
2020-04-06,부산,소매,"경남 진주, 양산, 밀양지역에서 주로 반입됨",900.0,700.0,최근 제철과일로의 소비분산으로 인해 가격의 내림세를 보임,"향후 제철이 끝나감에 따라, 고품질의 상품이 적어질 것으로 예상되어 보합세 혹은 약보합세 전망",2020
2020-04-09,서울,중도매,"경남 산청, 전남 담양, 충남 홍성ㆍ공주ㆍ전북 익산지역에서 주로 출하됨",20000.0,16000.0,최근 꾸준한 가격을 보인가운데 반입량은 전일대비 14.5% 감소한 148톤이 반입되어 반입량 감소로 오름세에 거래됨,향후에는 제철 과일로(참외ㆍ오렌지 등)의 소비분산으로 내림세를 전망함,2020
2020-04-10,대전,중도매,"대전, 경남 진주, 사천, 하동, 산청, 전북 익산, 충남 금산에서 주로 출하됨.",17000.0,13000.0,반입량이 꾸준하고 중품의 상품성이 떨어지면서 중품은 내림세에 거래.,향후 기온이 상승하면서 상품성 하락 및 제철과일 분산으로 완만한 내림세 전망.,2020
2020-04-10,광주,소매,"전남 담양, 화순, 장성, 곡성 등지에서 주 출하됨",1000.0,800.0,"올해 높은 기온으로 숙기가 빨라져 출하가 조기 종료될 것으로 예상되는 가운데, 생산량 증가로 시장 내 반입이 꾸준한 데다, 참외, 오렌지 등 다양한 제철과일 출하로 인한 소비분산 등의 영향으로 가격 상승없이 현 시세에 거래됨",산지의 원활한 출하가 예상되어 향후 약보합세 전망,2020
2020-04-13,부산,소매,"경남 진주, 양산, 밀양지역에서 주로 반입됨",800.0,600.0,최근 제철이 끝나가고 상품의 품질저하로 가격의 내림세를 형성함,향후 출하종료기가 머지않아 저품질 상품으로 인하여 지속적인 약보합세 전망,2020
2020-04-13,대전,소매,"경남 진주, 의령, 충남 논산, 금산, 충북 보은, 전북 익산 등에서 출하됨",1000.0,700.0,"현재 시장 내 물량이 풍부하고, 소비자들의 수요가 다양한 제철 과일로 분산됨에 따라 소비가 전보다 감소하여 가격의 내림세를 보임",향후 5월이 지나면 제철이 끝나 출하물량이 감소할 것으로 예상되어 가격의 보합세 또는 강보합세가 전망됨,2020
2020-04-17,대구,중도매,"경남 하동, 거창, 대구 북구 등의 지역에서 주로 반입됨.",18000.0,12000.0,금일 우천으로 인해 시장 반입량이 대폭 감소하여 소폭 오름세에 거래됨.,"향후 반입량이 기존 반입량으로 회복될 것으로 예상되나, 제철이 지나 상품의 품위 저하로 인해 약보합세 전망.",2020
2020-04-24,서울,중도매,"전남 담양, 경남 거창·함양·산청·합천, 충남 논산 등지에서 주로 출하됨.",17000.0,13000.0,소비부진이 계속되는 가운데 반입량은 전일대비 8.7% 증가한 137톤이 반입되어 내림세에 거래됨.,주중 시장 내 물량이 풍부하고 소비수요가 참외 등으로 이동하여 약보합세 예상.,2020
2020-04-27,광주,중도매,"경남 산청, 충남 논산, 전북 익산, 남원, 충남 부여 지역에서 주로 출하됨.",17000.0,12000.0,"제철로 인한 출하량은 꾸준하나, 봄철로 등산객 및 나들이객이 늘어나면서 간식용으로 수요가 증가하면서 오름세에 거래됨.",향후에도 사회적 거리두기가 조금씩 완화되면서 각종행사 및 모임으로 수요가 증가할것으로 보여 강보합세 전망.,2020
2020-04-28,대구,중도매,"경남 합천, 경북 고령 등의 지역에서 주로 반입됨.",19000.0,13000.0,"봄나들이 간식으로 수요가 유지되고 있으나, 상품의 품위하락으로 인해 반입량이 감소하여 오름세에 거래됨.","향후에도 제철이 지나 반입량이 지속적으로 감소할 것으로 예상되나, 참외 등 타 제철과일들의 물량 증가로 소비자 성향이 이동할 것으로 예상되어 강보합세 전망.",2020
2020-05-07,대전,중도매,"전북 익산, 경남 진주, 충남 논산, 금산, 경북 김천 등에서 주로 반입됨.",15000.0,10000.0,최근 기온이 상승하며 과육이 물러지는 등 상품성이 낮아지며 내림세에 거래.,당분간 상품성 저하 및 산지출하가 지속될 것으로 보여 내림세 또는 약보합세 전망.,2020
2020-05-07,부산,중도매,"경남 진주, 함안, 양산 등에서 주로 출하됨",15000.0,11000.0,제철이 지나고 기온이 올라가며 상품성이 떨어지고 수요도 높지 않아 약보합세,"출하시기가 종료되어가며, 낮은 상품성과 수요의 영향으로 약보합세 전망",2020
2020-05-07,광주,소매,"전남 담양, 장성, 곡성 등지에서 주 출하됨",800.0,600.0,"출하종료시기로 공급물량이 감소한 데다, 수박, 참외 등 다양한 제철과일 반입에 따른 소비분산 등의 영향으로 내림세에 거래됨",제철이 지나 소비 선호도 저하로 약보합세 전망,2020
2020-12-02,서울,중도매,"경남 산청·거창·합천·진주·함양·고성, 전남 담양·곡성, 전북 남원·부안, 충남 공주·논산 등지에서 출하됨",42400.0,37400.0,경남 지역 중심 출하가 시작되고 시장 내 반입되어 거래됨,주중 출하 지역이 확산되는 추세이나 당분간 보합세 전망,2020
2020-12-09,대구,중도매,경북 김천 등의 지역에서 주로 출하됨,32000.0,27000.0,제철 과일로써 출하가 시작된 이후 공급량이 안정되면서 초기 높았던 가격이 안정되어 내림세에 거래됨.,"대부분의 품목이 거래량 위축이 지속되고 있고, 공급량 상승도 당분간 지속될 것으로 예상되어 약보합세 전망.",2020
2020-12-09,부산,중도매,"경남 진주, 양산, 밀양지역에서 주로 반입됨",32000.0,28000.0,"딸기의 반입이 점차 증가하는 추세이나, 거리두기의 영향으로 소비는 원활치 못해 약보합세",향후에도 거리두기의 영향으로 소비량의 변화가 크지 않을 것으로 예상되어 보합세 혹은 약보합세 전망,2020
2020-12-15,서울,중도매,"경남 산청·거창·함안, 전남 담양 등지에서주로 반입됨",32000.0,27000.0,강추위로 출하 물량이 감소하였으나 소비가 급감하여 내림세에 거래됨,주중 출하량 감소가 지속될 것으로 예상하나 소비 부진으로 내린 가격 보합세 전망,2020
2020-12-17,대전,중도매,"충남 논산, 금산, 경남 하동 등지에서 주로 반입됨",29000.0,25000.0,하우스 재배로 시장 내에서 반입물량이 늘어나면서 가격 하락세에 거래 중,"향후, 시간이 지날수록 생산량 증가와 더불어 반입량이 함께 증가하면서 가격 하락세 전망",2020
2020-12-17,부산,중도매,"경남 진주, 양산, 밀양지역에서 주로 반입됨",28000.0,24000.0,"딸기의 공급량은 꾸준하나, 거리두기의 영향으로 소비는 원활치 못해 약보합세",향후에도 거리두기의 영향으로 소비량의 변화가 크지 않을 것으로 예상되어 보합세 혹은 약보합세 전망,2020
2020-12-17,대구,중도매,"경북 고령, 경남 거창 등의 지역에서 주로 반입됨.",27000.0,22000.0,"제철을 맞아 출하 이후 공급량이 안정되었으나, 시장 내 거래량 침체로 인해 내림세에 거래됨.","향후에도 소비자 수요 침체가 연말까지 지속될 것으로 보이고, 시장 내에서 판매량 조절이 이루어질 것으로 예상되어 보합세 전망.",2020
2020-12-21,대전,소매,"충남 금산, 전북 익산, 경남 진주, 하동, 사천, 대전광역시 등에서 주로 출하됨",1700.0,,출하기를 맞아 공급량이 증가하면서 가격의 내림세를 보임,향후 반입량과 거래량 모두 증가할 것으로 예상되어 가격의 보합세를 전망함,2020
2020-12-21,서울,중도매,"경남 산청·거창·진주, 전남 담양, 전북 김제·익산·남원, 충남 공주·논산 등지에서 주로 반입됨",32000.0,27000.0,"금실, 설향, 장희 등 다양한 품종이 반입되는 가운데 추위가 시작되고 반입량이 감소하여 오름세에 거래됨",당분간 추위가 지속될 것으로 연말 소비를 앞둔 주중 강보합세 전망,2020
2020-12-24,부산,소매,"경남 진주, 양산, 밀양 등에서 주로 반입됨",2200.0,1800.0,"최근 반입량은 소폭 증가하였으나, 연말을 맞아 소비수요가 증가하여 소폭 오름세에 거래됨",향후 출하량 증가 및 반입량 증가가 예상되어 약보합세 전망,2020
2020-12-28,서울,중도매,"경남 산청·거창·진주·함양·합천·고성·사천·하동, 전남 담양, 전북 남원·익산·김제, 충남 공주·논산·예산·보령·홍성, 경북 고령, 광주 북구 등지에서 출하됨",31200.0,26200.0,출하지역이 확대되고 반입량이 증가하여 내림세에 거래됨,주중 강추위가 예보되었으나 점차 출하량이 증가할 것으로 예상하며 약보합세 전망,2020
2020-12-29,대전,중도매,"충남 논산, 공주, 옥천, 경남 진주 등지에서 주로 출하됨",28000.0,24000.0,평년대비 정식이 지연되었으나 점차 하우스 재배 출하량이 증가하면서 가격 하락세 거래 중,"향후, 코로나19 확산 지속 등으로 소비 반등의 요소는 부족하며 출하물량 증가로 인하여 가격 하락세 전망",2020
2021-01-04,서울,중도매,"경남 산청·거창·함양·진주, 전남 담양·곡성, 전북 익산·남원 등지에서 반입됨",26800.0,21800.0,연휴로 시장 내 재고량이 증가하여 내림세로 거래됨,주중 추위가 예보된 가운데 반입 물량 감소가 예상되며 재고 소진시까지 보합세 전망,2021
2021-01-05,부산,소매,"경남 진주, 양산, 밀양 등에서 주로 반입됨",1600.0,1200.0,최근 출하지역 확대 및 반입량 증가로 약보합세,주중 강추위가 예보되어 있어 반입량 감소가 예상되어 강보합세 전망,2021
2021-01-06,대전,소매,"전북 익산, 경남 사천, 진주, 하동, 대전광역시 등에서 주로 출하됨",1700.0,,출하지 증가로 인한 출하 물량 증가로 인하여 가격의 내림세를 보임,향후 추위로 인한 생육 악화로 시장 내 반입량 감소가 예상되어 가격의 보합세를 전망함,2021
2021-01-07,광주,중도매,"경남 산청, 충남 논산, 전북 익산, 남원, 경남 진주 등지에서 주로 반입됨.",26200.0,22200.0,"학교방학과 코로나로 인한 소비는 감소하고 있으나, 강추위로 산지 생산량이 감소하면서 오름세에 거래됨.",향후에도 이번주 주말까지 강추위로 인한 산지 생산량이 감소가 예상되어 강보합세가 전망됨.,2021
2021-01-07,대전,중도매,"충남 논산, 금산 등지에서 주로 반입됨",25000.0,21000.0,"주로 설향이 출하되고 있으며, 금실/킹스베리 등 일부 품종 반입도 이루어지고 있으며 가격은 한파로 인한 출하지연 등으로 가격 상승세에 거래 중","코로나19로 외식수요가 감소하면서 딸기 소비도 줄었지만, 공급량이 조정되며 가격은 보합세 유지 전망",2021
2021-01-12,대전,중도매,"전북 완주, 충남 논산, 금산 등지에서 주로 반입됨",26000.0,22000.0,겨울철 대체과일의 공급이 제한적이며 코로나19 상황임에도 수요가 집중되어 가격 강보합세에 거래 중,"향후, 평년 추세를 반영했을 때 반입량은 지속적으로 증가할 것으로 예상되어 가격 하락세 전망",2021
2021-01-14,서울,중도매,"경남 산청·진주·함양·거창·하동, 전남 담양·곡성, 전북 남원·익산·김제, 충남 논산·공주·예산·홍성·보령·부여 등지에서 반입됨",30800.0,25800.0,출하지역이 늘고 상품성이 좋아지면서 오름세에 거래됨,향후 하우스 출하량 및 소비수요가 증가할 것으로 예상하며 명절까지 중상품 중심 강보합세 전망,2021
2021-01-18,대전,소매,"충남 금산, 전북 익산, 경남 하동, 사천, 진주, 대전광역시 등에서 주로 출하됨",1700.0,,기온하락으로 인한 재배 비용 증가로 가격의 오름세를 보임,향후 소비자의 수요가 증가할 것으로 예상되어 가격의 강보합세를 전망함,2021
2021-01-18,서울,중도매,"경남 진주·거창·사천·산청·밀양·하동, 전남 담양·곡성, 전북 익산·김제·남원·순창, 충남 공주·논산·홍성 등지에서 반입됨",28800.0,23800.0,출하지역이 확대되고 반입량이 증가하여 내림세로 거래됨,향후 산지 출하량이 증가할 것으로 예상하며 당분간 보합세 전망,2021
2021-01-20,대구,중도매,"경북 김천, 경남 합천 등의 지역에서 주로 반입됨.",26200.0,21000.0,"거리두기의 영향으로 인해 시장 내 거래량 침체되어있고, 과일류에 대한 수요가 특히 낮아 내림세에 거래됨.",당분간 수요와 공급에 큰 변동이 없을 것으로 예상되어 보합세 전망.,2021
2021-01-21,서울,중도매,"전남 담양·곡성·순천, 충남 논산·공주·예산·홍성, 경남 함양·거창·산청·진주·고성, 전북 김제·익산·남원 등지에서 반입됨",24600.0,19600.0,기온이 올라가면서 출하지역 확산으로 반입 물량이 늘면서 소폭 내림세에 거래됨,향후 시장 내 반입량이 점차 증가할 것으로 예상하며 주중 약보합세 전망,2021
2021-01-25,대전,소매,"충남 논산, 금산, 전북 익산, 경남 하동, 진주, 산청, 대전광역시 등에서 주로 출하됨",1600.0,,주 출하지의 출하 물량 증가로 가격의 내림세를 보임,향후 날씨가 따뜻해지면서 반입량이 증가할 것으로 예상되어 가격의 보합세를 전망함,2021
2021-01-25,광주,소매,"전남 담양, 장성, 전북 고창 등지에서 주 출하됨",,,"제철을 맞아 소비 선호도가 상승하였으나, 주출하시기로 인한 공급물량 증가와 감귤 등 다양한 햇과일 반입에 따른 소비분산 등으로 내림세에 거래됨","설 명절을 앞두고 있는 가운데, 사과,배 등으로 수요가 집중될 것으로 예상되어 상대적 소비둔화로 약보합세 전망",2021
2021-01-26,서울,중도매,"전남 담양·곡성, 충남 논산·공주·부여, 경남 한청·함양·진주·거창·고성, 전북 김제·익산·남원 등지에서 반입됨",27200.0,22200.0,소비가 꾸준한 가운데 우천으로 반입량이 일시 감소하고 소폭 오름세에 거래됨,주중 소비 선호에 따라 종자별 가격차가 벌어진 상황으로 중품 중심 보합세 전망,2021
2021-01-27,부산,소매,"경남 진주, 양산, 밀양 등에서 주로 반입됨",1400.0,1100.0,성출하기를 맞아 산지 출하량 증가 및 시장 내 반입량 증가로 약보합세,향후 반입이 꾸준하고 설명절까지 제수용 과일로 수요 분산이 예상되어 약보합세 전망,2021
2021-02-01,대전,중도매,"충남 금산, 논산, 전남 담양 등지에서 주로 반입됨",24000.0,21000.0,1화방 마무리 되고 2화방으로 변경되며 출하물량이 일시적으로 증가하여 가격 약보합세에 거래 중,"향후, 감귤 출하가 평년대비 일찍 종료되며 딸기 출하량 증가에도 수요가 증가하여 가격 강보합세 전망",2021
2021-02-03,대전,소매,"충남 금산, 대전광역시, 전북 익산, 완주, 경남 사천, 하동, 진주 등에서 주로 출하됨",1600.0,,기온하락으로 인한 작업 부진과 소비자의 수요 증가로 인하여 가격의 오름세를 보임,향후 설 명절 수요가 더욱 증가할 것으로 예상되어 가격의 강보합세를 전망함,2021
2021-02-05,광주,소매,"전남 나주, 담양, 장성 등지에서 주 출하됨",,,"주출하시기로 인한 공급물량 증가와 설 성수기를 맞이하였으나, 저장성 저하 등으로 수요증가 폭이 크지 않아 내림세에 거래됨",설 명절 3~4일 전 제수용품 및 선물용 수요가 늘 것으로 예상되어 강보합세 전망,2021
2021-02-05,서울,중도매,"경남 진주·함양·산청·사천·밀양·거창·고성·하동, 전남 담양·곡성, 전북 김제·익산·남원, 충남 논산·공주·예산·홍성 등지에서 반입됨",25600.0,20600.0,출하지가 확대되고 반입량이 증가하여 내림세에 거래됨,향후 출하지 및 반입량이 점차 증가할 시기로 약보합세 전망,2021
2021-02-10,서울,중도매,"경남 산청·진주·함양·거창·고성, 전남 담양·곡성, 전북 남원·익산·김제, 충남 공주·논산 등지에서 반입됨",26200.0,21200.0,명절 수요가 증가하고 소폭 오름세에 거래됨,향후 명절 후 죽향 종 반입이 확대되고 시장 내 물량이 증가할 것을 예상하며 약보합세 전망,2021
2021-02-15,서울,중도매,"경남 진주·산청·함양, 전남 담양, 전북 남원·익산·김제, 충남 공주·홍성 등지에서 반입됨",24000.0,19000.0,명절 소비가 종료되고 시장 내 재고량 증가로 소폭 내림세에 거래됨,주중 추위가 예보되어 상품성에 따른 거래가 격차가 상승할 것으로 평균 거래가는 약보합세 전망,2021
2021-02-16,부산,소매,"경남 진주, 양산, 밀양 등에서 주로 반입됨",1400.0,1100.0,명절 이후 수요 감소에 따른 시장 내 재고물량 증가로 내림세에 거래됨,"향후 공급은 꾸준하나, 수요 증가 요인이 없어 보합세 혹은 약보합세 전망",2021
2021-02-17,부산,중도매,"경남 진주, 김해, 양산지역에서 주로 반입됨",22000.0,19000.0,주초부터 부산 인근지역의 출하작업이 시작되어 시장내 물량은 다소 증가하나 명절이후 소비량 감소로 약보합세,향후에도 기상회복에 따른 산지 출하량 증가로 약보합세 전망,2021
2021-02-17,대구,소매,"경남 진주, 밀양 등의 지역에서 주로 반입됨",1400.0,1300.0,"설 명절 이후 수요가 감소하고, 시장 내 재고량이 증가하여 약보합세","공급량은 꾸준하지만, 소비가 증가하지 않을 것으로 보아 보합세 전망",2021
2021-02-18,대전,중도매,"경남 진주, 함양 전남 담양 등에서 주로 반입됨",19000.0,16000.0,명절 이후로 소비가 감소하고 재고량이 증가하였음,"향후, 산지 공급량 증가로 약보합세 예상",2021
2021-02-19,광주,중도매,"경남 산청, 거창, 진주, 전남 담양, 충남 논산, 부여, 전북 익산, 남원 등에서 주로 출하됨.",20200.0,16200.0,"제철로 인하여 출하물량이 전국적으로 확대되어 도매시장에 반입되고 있으나, 설명절이후 소비부진이 지속적으로 부진하면서 내림세에 거래됨.",향후에도 산지 출하물량이 전국적으로 확대되어 소비가 따라주지 못할것으로 보여 약보합세 전망.,2021
2021-02-22,광주,중도매,"경남 산청, 함양, 진주, 충남 부여, 논산, 전남 담양, 전북 익산, 남원 등에서 주로 출하됨.",18200.0,14200.0,"날씨가 포근해지면서 나들이객에 의한 간식용으로 수요는 늘어나고 있으나, 제철로 반입량이 증가하면서 내림세에 거래됨.",향후에도 봄나들이객에 의한 수요는 늘어날것으로 예상되지만 산지 출하량 증가로 가격은 약세가 전망됨.,2021
2021-02-24,대전,중도매,주로 경남 진주에서 출하됨,15000.0,12000.0,"작년 여름철 기상 악화에 따른 딸기 정식 지연으로 전년 대비 출하량은 감소하였으나, 소비 위축으로 가격은 전년과 비슷함",향후 기상 호조로 반입량은 증가하나 소비 감소가 예상되어 약보합세를 보일 것으로 전망됨,2021
2021-02-24,부산,중도매,"경남 진주, 밀양, 양산지역에서 주로 출하됨",18000.0,15000.0,산지 기상호조와 출하 성수기를 맞아 출하량이 꾸준히 증가하여 약보합세,향후에도 산지 출하대기 물량이 풍부하여 약보합세 전망,2021
2021-02-26,대구,소매,"주로 청도, 고령 등지에서 반입됨",,,"딸기의 반입량은 꾸준히 증가하나, 시장 내 소비가 활성화되지 않아 약보합세","향후에도 반입량은 꾸준히 증가하나, 소비량은 현재 수준을 유지할 것으로 예상되어 약보합세 전망",2021
2021-03-03,광주,중도매,"경남 산청, 거창, 함양, 충남 논산, 전남 담양, 전북 익산, 남원 등에서 주로 출하됨.",19200.0,15200.0,성출하기로 출하량은 늘어나고 있는 가운데 포근한 날씨로 일조량이 증가하여 당도가 좋아지면서 요식업소 및 등산객들이 간식용으로 수요가 늘어나면서 오름세에 거래됨.,향후에도 봄나들이객에 의한 수요가 늘어날것으로 보여 강보합세 전망.,2021
2021-03-05,서울,중도매,"경남 진주·산청·사천·함양·하동, 전남 담양·곡성, 충남 논산·공주·예산·청양·홍성·부여, 전북 김제·익산·남원·순창 지역에서 반입됨",25200.0,20200.0,산지 출하 및 반입량이 감소하고 오름세에 거래됨,주중 설향 등은 반입량이 감소하고 죽향 등 타 종자로 소비가 분산될 것으로 보합세 전망,2021
2021-03-05,대구,소매,"주로 경북 청도, 고령 등지에서 반입됨",,,점차 날씨가 풀리면서 딸기의 품위 상승으로 소비자의 수요가 증가하여 강보합세 거래,향후 기온 상승으로 소비자의 수요가 증가할 것으로 예상되어 강보합세 전망,2021
2021-03-09,광주,중도매,"경남 산청, 함양, 충남 논산, 부여, 전남 담양, 전북 익산, 남원 지역에서 주로 출하됨",18200.0,14200.0,제철과일로 인하여 전국적으로 출하가 확대되어 반입량은 꾸준한 가운데 학교급식업체 및 봄나들이객에 의한 수요가 늘어나면서 현시세에 거래됨.,향후에도 산지 출하량 증가와 더불어 봄나들이객 수요증가로 가격은 보합세 전망.,2021
2021-03-09,부산,소매,"경남 진주, 양산, 밀양 등에서 주로 반입됨",1100.0,800.0,"성출하기를 맞아 산지 출하량 증가 및 참외, 귤 등 소비분산되어 약보합세",향후 공급과 수요의 큰 변동요인이 없을 것으로 예상되어 보합세 전망,2021
2021-03-10,광주,소매,"전남 담양, 장성, 나주 등지에서 주 출하됨",,,"재배면적 증가와 더불어, 기온상승 및 일조량 증가에 따른 작황양호 등 연중 최대 성출하기를 맞아 출하물량이 늘고 있으나, 수요둔화로 큰 변동없이 보합세에 거래됨",성출하기로 인한 공급물량 증가와 참외 등 다양한 햇과일 출하로 인한 소비분산 등이 예상되어 약보합세 전망,2021
2021-03-11,서울,중도매,"경남 사천·산청·진주·하동, 전남 담양, 전북 김제·익산·남원, 충남 논산·공주 등지에서 반입됨",20600.0,15600.0,출하 막바지로 반입 상품의 당도가 떨어지고 소비가 분산되어 내림세에 거래됨,주중 반입량이 감소하겠으나 소비 분산 또한 지속될 것으로 약보합세 전망,2021
2021-03-16,광주,중도매,"경남 산청, 함양, 충남 논산, 전남 담양, 전북 익산, 남원 지역에서 주로 출하됨",16200.0,13200.0,"제철로 인하여 출하량이 꾸준하게 늘어나고 있으나, 감귤, 참외, 토마토 등 소비가 분산되면서 수요가 따라주지 못해 내림세에 거래됨.",향후에도 맑은 날씨가 예보되어 있어 출하물량이 전국적으로 확대될것으로 보여 약보합세 전망.,2021
2021-03-16,대전,중도매,"충남 계룡, 논산, 금산 및 경남 진주에서 주로 출하됨",17000.0,14000.0,출하지역 확대 및 출하량 증가로 내림세를 보임,기온 상승과 일조량 증가로 작황 호황이 예상되어 출하량 증가로 약보합세 전망함,2021
2021-03-17,광주,소매,"전남 담양, 장성, 전북 고창 등지에서 주 출하됨",1300.0,1000.0,성출하기로 인한 공급물량 증가와 참외 등 다양한 햇과일 출하로 인한 소비분산 등으로 내림세를 형성함,"주출하시기로 인한 원활한 공급이 예상되나, 소비 선호도 저하로 약보합세 전망",2021
2021-03-19,대전,소매,"주로 전북 익산시, 경남 하동군, 진주시, 충남 논산시, 금산군 등에서 출하됨.",1130.0,,제철을 맞아 출하 지역 확대로 인해 출하량 및 시장 반입량이 증가하여 가격의 내림세를 보임.,"출하량이 증가하는 가운데, 제철 과일 종류가 다양해져 소비가 분산되어 가격의 약보합세를 전망함.",2021
2021-03-19,대구,소매,"경북 청도, 고령 등지에서 주로 출하됨",,,기상 호조로 산지 출하량이 증가함에 따라 내림세 거래,"향후에도 시장 내 반입량은 비슷한 수준을 유지할 것으로 예상되나, 소비자 수요 또한 점차 회복될 것으로 예상되어 강보합세 전망",2021
2021-03-23,광주,소매,"전남 담양, 나주, 전북 고창 등지에서 주 출하됨",1200.0,1000.0,"기온상승 및 일조량 증가 등으로 생육이 원활한데다, 연중 최대 성출하기로 인한 공급물량 증가와 더불어, 참외 등 다양한 햇과일 출하로 인한 소비분산 등으로 내림세에 거래됨",대체로 맑은 날씨가 예보되고 있어 생육양호에 따른 안정적인 공급이 예상되어 약보합세 전망,2021
2021-03-24,대구,소매,"경북 청도, 고령 등지에서 주로 출하됨",,,"기상 호조로 출하량은 꾸준히 증가하고 있으며, 소비에 진전이 없어 내림세 거래","향후 시장 내 반입량은 꾸준히 증가하며, 소비자 수요에 특별한 증가요인이 없어 보합세 전망",2021
2021-03-26,부산,소매,"경남 진주, 양산, 밀양 등에서 주로 반입됨",900.0,700.0,"성출하기를 맞아 산지 출하량 증가 및 참외, 귤 등 소비분산되어 약보합세",향후 반입과 소비가 꾸준할 것으로 예상되어 보합세 전망,2021
2021-03-26,광주,소매,"전남 담양, 장성, 함평 등지에서 주 출하됨",1100.0,900.0,"중순대비 시세하락으로 소비수요가 증가했으나, 연중 최대 성출하기로 인한 공급물량 증가와 참외 등 다양한 햇과일 반입에 따른 소비분산 영향으로 내림세에 거래됨","주말을 맞이하여 간식용 수요증가가 예상되나, 기온상승 및 일조량 증가 등에 따른 원활한 출하로 큰 변동없이 보합세 전망",2021
2021-04-01,부산,중도매,"경남 진주, 양산, 합천지역에서 주로 반입됨",16000.0,14000.0,출하 종료기로 상품성에 따라 가격 차이가 크게남,향후에도 상품성에 따른 가격 차이가 클 것으로 예상됨,2021
2021-04-02,광주,중도매,"경남 진주, 밀양, 광주 남구, 전남 나주, 강원 양구 지역에서 주로 출하됨",13200.0,10200.0,제철로 인한  출하량은 전국적으로 확대되는 가운데 수요가 따라주지 못해 내림세에 거래됨.,"향후에도 출하량은 늘어날것으로 보이나, 기온상승에 따른 과숙으로 품위상태가 좋지않아 가격은 약세 전망.",2021
2021-04-05,광주,중도매,"전남 담양, 경남 산청, 충남 논산, 전북 남원, 익산 지역에서 주로 출하됨",12200.0,9250.0,주말 수확작업으로 출하량이 증가한 반면  제철과일 소비분산으로 시중내 재고물량이 적체되면서 내림세에 거래됨.,향후에도 주중 맑은 날씨가 예보되어 있어 산지 출하량 증가로 약세가  전망됨.,2021
2021-04-06,부산,소매,"경남 진주, 양산, 밀양 등에서 주로 반입됨",800.0,600.0,반입량 및 시장 내 물량이 풍부하고 소비량도 적절하여 보합세를 형성함,향후 출하 종료를 앞두고 당도가 떨어지는 등 상품성 하락이 예상되어 약보합세 전망,2021
2021-04-06,대전,중도매,"경남 진주, 사천, 하동 및 대전, 충남 금산에서 주로 출하됨",15000.0,12000.0,최근 상품성 저하품이 많이 발생하여 양호한 제품은 오름세에 거래됨,품위가 양호한 제품 위주로 오름세 전망되며 품위간 가격 편차가 벌어질 것으로 예상됨,2021
2021-04-09,대구,소매,"경북 청도, 고령 등지에서 주로 출하됨",,,"기상 호조로 시장 내 반입량은 변동이 없으며, 소비자 수요 또한 꾸준하여 보합세 거래","향후 수요, 공급에 변동이 없을 것으로 예상되어 보합세 전망",2021
2021-04-13,광주,중도매,"전남 담양, 전북 익산, 남원, 경남 산청, 충남 논산, 홍성 지역에서 주로 출하됨.",14200.0,11200.0,"산지 출하물량이 마무리되어가는 농가들이 늘어나면서 반입량은 감소하였으나, 품질이 좋지않아 보합세에 거래됨.","향후에도 출하가 끝나는 농가들이 늘어날것으로 보이나, 상품성이 좋지않아 거래부진으로 약세 전망.",2021
2021-04-20,광주,중도매,"경남 산청, 함양, 충남 논산, 전남 담양, 전북 익산, 남원 지역에서 주로 출하됨",14200.0,11200.0,산지 출하 마무리 농가들이 늘어나면서 도매시장 반입량 감소로 오름세에 거래됨.,"향후에는 출하물량 감소가 예상되지만 타과일(토마토, 수박, 참외, 레몬 등)소비분산으로  가격은 현시세가 유지될 전망",2021
2021-04-23,서울,중도매,"경남 산청·진주·함양·사천·거창·고성·하동, 전남 담양, 경북 고령, 전북 익산·김제·남원, 충남 공주·논산·예산·홍성, 광주 지역에서 반입됨",12400.0,9400.0,상품성 격차에 따른 시세 차이가 큰 가운데 중상품 중심 오름세에 거래됨,향후 기온상승에 따른 상품성 격차가 더 커질 것으로 예상하며 당분간 오른 가격이 유지될 전망,2021
2021-04-29,부산,중도매,"경남 진주, 양산, 합천지역에서 주로 반입됨",13000.0,8000.0,"출하 종료기로 대과보다는 중,소형과 위주로 소량 반입되나, 시장내 소비는 한산한 편임",향후에도 출하종료기를 맞아 극소량만 반입될 전망,2021
2021-04-29,대구,중도매,"경남 진주, 경북 청도 등의 지역에서 주로 반입됨",13200.0,8000.0,"산지 출하 종료기로 중,소형과 위주로 소량 반입되어 전체 반입량은 적으나, 소비자 수요도 크지 않아 보합세에 거래됨.",향후에도 반입량이 지속적으로 감소할 것으로 예상되어 약보합세 전망.,2021
2021-04-30,서울,중도매,"충남 논산·부여·홍성·공주, 전남 담양, 경남 산청·사천·진주·함양·거창·고성, 전북 김제·익산·남원 등지에서 반입됨",,,반입량은 꾸준하나 상품성 격차가 증가하여 중상품 중심 오름세에 거래됨,향후 상품성에 따른 소비수요 및 거래가 차이는 더 증가할 것으로 당분간 보합세 전망,2021
2021-11-22,광주,중도매,"전남 담양, 장성, 경남 산청, 함양, 거창, 충남 논산, 부여 지역에서 주로 출하됨",25200.0,22200.0,제철과일로 출하량은 꾸준하게 늘어나는 가운데 반면 소비자 선호도 증가로 강세에 거래됨.,향후에도 제철과일로 인한 출하물량이 전국적으로 확대될것으로 보여  보합세 전망.,2021
2021-11-22,서울,중도매,"경남 산청·함양·진주·고성, 전남 담양, 전북 익산·남원, 충남 논산·공주·홍성 등지에서 반입됨",28500.0,23500.0,전년 대비 초겨울 기온이 높아 출하지역 및 반입량이 증가하고 거래됨,주중 산지 기온 하락이 예보된 가운데 예년 수준 반입을 옛아하며 보합세 전망,2021
2021-11-26,광주,중도매,"경남 산청, 진주, 고성, 충남 논산, 전남 담양, 전북 익산, 남원 지역에서 주로 출하됨.",30200.0,26200.0,"제철로 인하여 출하량은 늘어나고 있으나, 주말대비 주거래처 수요물량 증가 오름세에 거래됨.",향후에도 산지 출하량이 전국적으로 확대될것으로 보여 약보합세 전망.,2021
2021-11-26,대구,중도매,"경남 합천, 경북 고령 등지에서 주로 반입됨",31000.0,26000.0,"주출하기를 맞아 산지 출하가 시작되고 있으나, 겨울철 간식으로 소비자 수요가 증가하여 오름세에 거래됨.",향후 산지 출하량 대비 소비자 수요 증가세가 지속될 것으로 예상되어 강보합세 전망.,2021
2021-11-29,대전,중도매,"충남 금산군, 대전광역시, 경남 하동군, 경남 진주시 등의 지역에서 주로 반입됨",28000.0,23000.0,주 출하기를 맞이하여 시장 반입량이 증가하는 추세로 가격의 약보합세를 보임,향후 반입량은 꾸준할 것으로 보이나 출하 시작 시점으로 소비자 수요가 증가할 것으로 예상되어 가격의 보합세 전망,2021
2021-12-01,대전,소매,"주로 대전, 충남 금산, 논산, 경남 하동, 진주, 사천, 산청 등에서 출하됨",,,성출하기로 공급은 꾸준하나 소비 수요가 높아 가격이 소폭 오름세로 거래됨,"향후 연말 모임, 행사가 증가하면서 소비 수요 증가 추세가 계속될 것으로 예상되어 강보합세 전망",2021
2021-12-02,대구,소매,"경북 성주군, 청도군, 경남 거창군, 하동군 등지에서 주로 반입됨",,,현재 주 출하기에 접어들면서 시장 내 반입량 조금씩 증가하는 추세로 약보합세 거래,"향후 시장 내 반입량 더욱 증가할 것으로 예상되나, 소비자 수요 또한 증가할 것으로 예상되어 보합세 전망",2021
2021-12-06,대전,중도매,"경남 하동군, 충남 금산군, 경남 진주시 등의 지역에서 주로 출하됨",35300.0,30300.0,겨울철 간식 수요 증가 및 기온 하락에 의한 출하 부진으로 가격의 오름세를 보임,향후 출하량은 일정 수준을 유지할 것으로 보이나 소비자 수요가 꾸준할 것으로 예상되어 가격의 강세를 유지할 것으로 전망됨,2021
2021-12-06,대전,소매,"주로 대전, 충남 논산, 금산, 경남 하동, 산청, 사천, 진주, 전북 익산 등에서 출하됨",,,제철을 맞아 소비 수요가 증가하여 가격이 오름세로 거래됨,"성출하기로 향후에도 공급은 꾸준할 것으로 예상되나, 겨울철 간식으로 가정 내 수요가 더욱 증가할 것으로 예상되어 강보합세 전망",2021
2021-12-09,서울,중도매,"경남 산청·진주·함양·거창·고성·사천·하동, 전북 익산·남원, 충남 논산·공주·부여·홍성·예산 등지에서 반입됨",36500.0,28500.0,품위에 따른 가격 편차가 큰 가운데 중상품 중심 오름세에 거래됨,향후 연말 가공식품 등 소비수요 증가로 강보합세 전망,2021
2021-12-13,서울,중도매,"경남 산청·진주·함양·거창·고성, 전남 담양·곡성, 전북 김제·익산·순창·남원, 충남 논산·공주 등지에서 반입됨",35700.0,30700.0,주말 작업량이 반입되고 소폭 내림세에 거래됨,주중 소비수요가 꾸준한 가운데 추위가 예보되어 반입량 감소에 따른 강보합세 전망,2021
2021-12-14,광주,중도매,"경남 산청, 함양, 고성, 충남 논산, 부여, 전남 담양, 전북 익산, 남원 지역에서주로 반입됨.",34200.0,30200.0,기온이 영하권으로 내려가면서 생육부진으로 출하량이 감소하면서 거래처 등 주문물량 부족으로 오름세에 거래됨,"향후에도 제철과일로 수요는 늘어날것으로 보이나, 생육부진으로 출하량이 감소가 예상되어 강보합세 전망.",2021
2021-12-14,서울,중도매,"경남 산청·진주, 전남 담양, 전북 김제·익산·남원, 충남 공주·논산 등지에서 주로 반입됨",33700.0,28700.0,기온 하락으로 소비가 감소하고 내림세에 거래됨,당분간 추위가 지속될 것으로 거래 둔화로 현재 가격이 유지될 전망,2021
2021-12-14,대구,중도매,"경남 거창, 합천 등의 지역에서 주로 반입됨.",34000.0,28000.0,"기온하강이 지속되면서, 산지 생육부진으로 인해 출하량이 감소된 반면, 겨울철 간식으로 소비자 수요는 증가하여 오름세에 거래됨.",향후에도 계절적 특성으로 소비자 수요 증가세는 지속될 것으로 예상되어 강보합세 전망.,2021
2021-12-16,대전,소매,"주로 대전, 충남 금산, 경남 진주, 사천, 산청, 하동, 전북 익산 등에서 출하됨",,,성출하기로 주 산지인 경남지역 중심으로 출하량이 증가하여 가격이 내림세로 거래됨,"향후 눈, 비가 예보되어 있어 기상 악화로 인한 출하량 감소가 예상되고, 연말 특수로 수요 증가가 예상되므로 강보합세 전망",2021
2021-12-16,대구,소매,"경북 고령군, 경남 거창군, 합천군, 의성군 등지에서 주로 반입됨",,,현재 산지 수확량이 증가하면서 시장 내 반입량도 점차 증가하는 추세로 약보합세 거래,"향후 시장 내 반입량 더욱 증가할 것으로 예상되나, 음료나 빵의 부재료로 쓰이는 등 소비자 수요 또한 증가할 것으로 예상되어 보합세 전망",2021
2021-12-16,대전,중도매,"대전광역시, 충남 금산군, 경남 하동군, 경남 진주시 등의 지역에서 주로 출하됨",33300.0,28300.0,10월 상순 고온 등 기상악화로 인해 병해 발생이 증가하여 단수가 감소함에 따라 가격이 소폭 오름세를 보임,최근 가격 강세로 산지 출하 조절이 이루어질 것으로 예상되어 가격의 약보합세가 전망됨,2021
2021-12-16,광주,소매,"전남 장성, 담양, 경남 하동 등지에서 주 출하됨",,,"재배면적이 증가한 가운데, 기온하강 및 일조량 감소 등 생육부진으로 출하물량이 감소했으나, 김장 영향 등에 따른 전반적인 과일류 소비둔화로 내림세에 거래됨","주중 관내 김장이 대체로 마무리되면서 간식용 등 수요증가가 예상되며, 흐린 날씨가 예보되고 있어 산지 출하가 원활하지 못할 것으로 보여 강보합세 전망",2021
2021-12-20,대구,중도매,"경남 거창, 합천 등의 지역에서 주로 반입됨",34000.0,28000.0,겨울철 간식으로 소비자 수요가 지속적으로 증가세에 있어 오름세에 거래됨.,향후에도 소비자 수요 증가세가 연말동안 지속될 것으로 예상되어 강보합세 전망.,2021
2021-12-20,부산,중도매,"경남 산청,함안,진주,양산, 전남 담양지역에서 주로 반입됨",33000.0,29000.0,"고가 형성으로 시장내 거래는 한산하나, 지난 주말부터 산지 강추위로 생산량이 감소하여 강보합세",향후에도 연말연시 가정내 소비량 증가로 강보합세 전망,2021
2021-12-20,서울,중도매,"경남 진주·산청·고성, 전남 담양, 전북 남원·김제·익산, 충남 논산·공주 등지에서 반입됨",34200.0,29200.0,추위가 시작되고 반입량이 감소하여 오름세에 거래됨,향후 반입 품종과 산지가 다양해지겠으나 명절 대비 수요가 증가할 것으로 강보합세 전망,2021
2021-12-21,부산,중도매,"경남 함안,진주,양산,밀양, 전남 담양지역에서 주로 반입됨",38000.0,34000.0,"성탄절 및 연말 준비로 소비량은 다소 증가하나, 지난주 산지 추위로 수확량이 감소하여 강세",향후에도 연말연시 시중 소비량 증가로 강보합세 전망,2021
2021-12-22,광주,중도매,"경남 산청, 함양, 진주, 고성, 전남 담양, 충남 논산, 부여, 전북 익산, 남원 지역에서 주로 출하됨",38200.0,34200.0,최근 한파로 인한 주산지지역에 눈이 많이 쌓여 일조량 부족으로 출하량이 감소하면서 주 거래처 주문물량 부족으로 오름세에 거래됨.,향후에도 산지 출하량은 꾸준할것으로 예상되는 가운데 다음주부터 학교방학에 따른 수요가 감소할것으로 보여 가격은 보합세 전망.,2021
2021-12-22,대전,중도매,"충남 금산군, 경남 진주시, 산청군 등의 지역에서 주로 출하됨",41600.0,36600.0,성탄절이 다가오며 케이크 등에 이용하기 위해 제과점 수요가 대폭 증가하여 가격의 오름세를 보임,향후 성탄절 전후로 수요는 꾸준할 것이라 예상되어 가격의 강세를 유지할 것으로 전망,2021
2021-12-22,대전,소매,"주로 대전, 충남 논산, 금산, 경남 산청, 하동, 진주, 사천 등에서 출하됨",,,"병해 발생 등 산지 작황 부진으로 출하량은 감소한 반면, 연말을 맞아 소비 수요가 증가하여 가격이 오름세로 거래됨","주말부터 기온이 급격히 하락할 것으로 예보되고 있어 향후 공급 감소가 예상되며, 성탄절, 설 명절을 맞아 수요는 더욱 증가할 것으로 예상되므로 강보합세 전망",2021
2021-12-22,광주,소매,"전남 담양, 장성, 전북 고창 등지에서 주 출하됨",,,"재배면적은 증가했으나, 10월 상순 고온 등 기상악화로 인한 생육부진으로 출하물량이 감소한데다, 제철을 맞아 소비 선호도 상승으로 오름세에 거래됨","크리스마스, 연말로 인한 간식용 등 수요증가가 예상되어 강보합세 전망",2021
2021-12-22,대구,소매,"경북 성주군, 칠곡군, 청도군, 경남 산청군, 합천군 등지에서 주로 반입됨",,,"지난 주말 급격하게 기온이 떨어지면서 산지 출하량 감소하고, 연말이 다가오면서 수요량은 소폭 증가하는 추세로 오름세 거래","향후 예년보다 올해 작황이 부진한 영향도 있어 공급량 더욱 감소하고, 수요량도 더욱 증가할 것으로 예상되어 강보합세 전망",2021
2021-12-23,부산,중도매,"경남 함안,진주,양산,밀양, 전남 담양지역에서 주로 반입됨",39000.0,35000.0,"성탄절 및 연말 준비로 시장내 거래량이 증가하면서 상품성이 높은 상,중품을 중심으로 강보합세",향후에도 연말연시 소비량 증가로 강보합세 전망,2021
2021-12-24,대전,중도매,"경남 진주시, 하동군, 대전광역시, 충남 금산군, 전북 익산시 등의 지역에서 주로 출하됨",46500.0,41500.0,최근 크리스마스 등으로 인해 수요가 증가하여 강세를 형성함에 따라 수요가 주춤하고 산지 출하량이 증가하여 가격이 소폭 내림세를 보임,향후 반입량 감소 추세가 유지될 것으로 예상되어 가격의 강세를 유지할 것으로 전망,2021
2021-12-24,서울,중도매,"경남 산청·진주·함양·거창·사천·고성, 전남 담양, 전북 남원·익산·김제, 충남 공주, 서울 송파, 광주 등지에서 반입됨",42500.0,37500.0,연말 소비수요가 증가하고 오름세에 거래됨,주중 연말 소비가 종료되면 내림세로 돌아서겠으나 산지 이상기온으로 생육부진에 따른 출하 감소와 반입 품위차가 상승세로 거래가는 다시 변경될 전망,2021
2021-12-24,광주,소매,"전남 담양, 장성, 강진 등지에서 주 출하됨",,,"생육부진 등에 따른 출하물량 감소와 제철을 맞아 소비 선호도가 상승한 가운데, 성탄절 간식용 등 수요증가로 오름세를 형성함","케이크, 타르트 등 디저트 용도로 수요가 비교적 꾸준할 것으로 예상되어 강보합세 전망",2021
2021-12-24,광주,중도매,"전남 담양, 장성, 경남 산청, 진주, 함양, 전북 익산, 남원 등지에서 주로 출하됨",43200.0,39200.0,제철과일로 소비 선호도는 증가한 반면 기상악화로 생육이 부진하면서 주거래처 등 주문물량 부족으로 경매가 활발하여 오름세에 거래됨.,주중 가정 및 요식업소 등 간식용으로 늘어날것으로 보여 강보합세 전망.,2021
2021-12-27,대전,소매,"주로 대전, 충남 논산, 금산, 경남 산청, 진주, 하동, 전북 익산 등에서 출하됨",,,한파 등 기상 악화로 인한 생육 부진 및 출하 작업 부진으로 출하량이 감소하여 가격이 오름세로 거래됨,"향후에도 낮은 기온 및 일조량 부족으로 공급 감소가 예상되고, 연말 선물용으로 소비 수요 증가가 예상되므로 강보합세 전망",2021
2021-12-27,부산,소매,"경남 산청, 밀양, 양산, 진주, 함양에서 주로 반입됨",2500.0,2100.0,"연말 소비수요는 증가하나, 생육기 기상악화에 따른 작황부진으로 출하량이 감소하여 강보합세",향후 연말연시 꾸준한 수요 증가로 강보합세 전망,2021
2021-12-27,서울,중도매,"경남 산청·진주·함양·거창·고성, 전남 담양, 전북 남원·익산·순창, 충남 공주·논산·부여·예산·홍성 등지에서 반입됨",50000.0,45000.0,산지 기온 하락으로 반입량이 감소하고 다시 오름세로 거래됨,주중 산지 우설이 예보되어 반입 감소와 품위차 상승이 지속될 것으로 강보합세 전망,2021
2021-12-27,부산,중도매,"경남 산청,함안,진주,양산, 전남 담양지역에서 주로 반입됨",42000.0,38000.0,"연말연시 가정내 소비는 다소 증가하나, 지난 주말부터 계속되는 산지 강추위로 반입량이 감소하여 강보합세",향후에도 당분간은 강추위에 따른 출하량 감소로 강보합세 전망,2021
2021-12-28,대구,중도매,"경남 거창, 합천 등의 지역에서 주로 반입됨.",44000.0,38000.0,"전일 고가격대 형성으로 인한 시장 내 거래 위축과, 금일 기준 반입량 증가로 인해 내림세에 거래됨.",당분간 성출하기를 맞아 산지 출하량 증가세가 지속될 것으로 예상되어 약보합세 전망.,2021
2021-12-29,대전,중도매,"대전광역시 경남 진주시, 하동군, 산청군 등의 지역에서 주로 출하됨",40300.0,35300.0,성탄절이 지나며 제과점 등 수요가 감소하는 추세로 가격이 소폭 내림세를 보임,향후 수요가 점차 감소할 것으로 예상되어 가격의 약보합세가 전망됨,2021
2021-12-30,서울,중도매,"경남 산청·진주·함양·거창·고성, 전남 담양·곡성, 전북 남원, 충남 공주 등지에서 반입됨",47000.0,42000.0,연말 소비가 종료되고 소폭 내림세로 거래됨,주중 출하지 및 반입품종이 확대되고 약보합세 전망,2021
2021-12-31,대전,소매,"주로 대전, 충남 금산, 경남 진주, 하동, 산청, 사천, 전북 익산 등에서 출하됨",,,"연말을 맞아 선물용 등 수요는 증가하는 가운데, 전일 내린 눈과 급격한 기온 하강으로 인해 반입량이 감소하여 가격이 오름세로 거래됨","향후 충청권 출하량이 점점 증가할 것으로 예상되며, 높아진 시세로 인해 소비 둔화가 예상되므로 약보합세 전망",2021
2022-01-03,광주,중도매,"전남 담양, 경남 산청·거창·고성, 전북 남원, 익산, 충남 논산, 홍성 지역에서 주로 출하됨.",60200.0,56200.0,주산지 작황은 각종 병충해로 출하량은 감소한 반면 제철과일로 주거래처 주문물량 부족으로 큰폭으로 오름세에 거래됨.,향후에도 각종 병충해로 상품성이 양호한 물량부족으로 강보합세 전망.,2022
2022-01-05,서울,중도매,"경남 산청·진주·함양, 전남 담양, 전북 남원 등지에서 반입됨",45200.0,40200.0,반입량이 늘었으나 품위차가 벌어지고 내림세로 거래됨,"주중 출하지가 확대로반입량은 증가 하겠으나, 이상 기온 등으로 반입물량의 품질 저하 예상돼 상품의 가격 강세와 중하품의 가격 약세 전망",2022
2022-01-05,대전,소매,"주로 대전, 충남 논산, 금산, 경남 진주, 하동, 산청, 전북 익산 등에서 출하됨",,,최근 한파로 인한 높은 시세 형성 및 연말 특수 종료 등으로 인해 소비가 부진하여 가격이 내림세로 거래됨,향후 2화방 물량이 출하가 시작되면 공급이 증가할 것으로 예상되므로 약보합세 전망,2022
2022-01-05,대전,중도매,"경남 진주시, 산청군, 하동군, 충남 금산군 등의 지역에서 주로 출하됨",37600.0,32600.0,최근 크리스마스 및 연초 등 행사철이 지나가며 수요 또한 감소하여 가격의 내림세를 보임,당분간 수요가 감소 추세를 유지할 것으로 예상되어 가격의 보합세 혹은 약보합세 전망,2022
2022-01-06,대구,중도매,"경남 거창, 산청 등의 지역에서 주로 출하됨",38000.0,32000.0,겨울철 간식으로 수요 증가세를 의식한 중도매인들이 저장물량을 방출하면서 금일 기준 시장 내 공급량이 일시 증가하여 내림세에 거래됨.,제철과일로써 소비자 수요 증가세가 지속되면서 공급량과 균형을 이룰 것으로 예상되어 보합세 전망.,2022
2022-01-06,광주,중도매,"경남 산청, 함양, 고성, 충남 논산, 홍성, 전남 담양, 장성, 화순, 전북 남원, 익산 지역에서 주로 출하됨",38200.0,34200.0,"2기작은 각종 병충해로 생산량이 감소하면서 강세였으나, 3기작이 출하되면서 출하량 증가로 내림세에 거래됨.","향후에도 제철과일로 소비는 꾸준할것으로 보이나, 산지 출하량 증가로 가격은 보합세 전망.",2022
2022-01-10,부산,중도매,"경남 함안,진주,양산,밀양, 전남 담양지역에서 주로 반입됨",38000.0,34000.0,"연말연시가 지나면서 산지 출하량은 다소 감소하나, 고가형성에 따른 소비 부진으로 보합세",향후에도 명절 경기전 까지는 거래부진으로 보합세 전망,2022
2022-01-11,대구,소매,"경북 성주군, 청도군, 경남 밀양시, 거창군, 합천군 등지에서 주로 반입됨",,,"최근 올해 작황 부진으로 반입량 감소 추세를 보이고 있었으나, 가격 강세의 영향으로 소비 주춤하여 수요량 감소로 약보합세 거래","향후 작물의 2화방 물량이 출하되기 시작하면서 공급량은 증가할 것으로 예상되고, 설 명절이 다가오면서 수요 또한 증가할 것으로 예상되어 보합세 전망",2022
2022-01-12,서울,중도매,"경남 산청·진주·함양, 전남 담양, 전북 김제 등지에서 반입됨",40000.0,37000.0,소비수요가 꾸준한 가운데 반입이 감소하고 중상품 중심 오름세로 거래됨,주중 추운날씨가 예보되어 선물용 수요에 맞는 중상품의 가격차가 증가할 것으로 강보합세 전망,2022
2022-01-14,광주,중도매,"경남 산청, 거창, 진주, 충남 논산, 부여, 전남 담양, 장성, 화순, 전북 남원 지역에서 주로 반입됨",39200.0,35200.0,주말대비 산지 출하량이 증가한 반면 시장내 소비자가 한산하면서 거래부진으로 내림세에 거래됨.,향후에는 설날명절을 앞두고 선물용으로 수요가 늘어날것으로 보여 강보합세 전망.,2022
2022-01-17,대전,중도매,"경남 하동군, 충남 금산군, 경남 진주시 등의 지역에서 주로 출하됨",37600.0,32600.0,"최근 출하는 일정 수준을 유지하고 있으나, 소비자 수요가 연말, 작년 연초 대비 감소 추세로 내림세에 거래됨","향후 출하량은 변동이 없을 것으로 예상되나, 명절 수요가 점차 증가할 것으로 예상되어 가격의 강보합세 전망",2022
2022-01-17,대구,소매,"경북 청도군, 의성군, 경남 합천군, 거창군 등지에서 주로 반입됨",,,"최근 반입량에는 큰 변동이 없으나, 고가 형성에 따른 소비 감소 추세가 나타나면서 약보합세 거래","향후 명절을 대비하여 공급 물량 증가할 것으로 예상되나, 수요 또한 명절 영향으로 증가할 것으로 예상되어 보합세 전망",2022
2022-01-20,대전,중도매,"대전광역시, 충남 금산군, 경남 산청군, 진주시 등의 지역에서 주로 출하됨",42000.0,37000.0,설 선물 수요가 증가하고 있는 추세로 가격이 오름세에 거래됨,향후 본격적인 명절 수요가 증가할 것으로 예상되어 가격의 강보합세 전망,2022
2022-01-20,부산,중도매,"경남 함안,진주,양산,밀양, 전남 담양지역에서 주로 반입됨",38000.0,34000.0,"출하 성수기로 경남지역의 출하량은 증가하나, 가정내 소비도 증가하여 보합세",향후에는 명절 소비량 증가로 강보합세 전망,2022
2022-01-25,서울,중도매,"경남 사천·산청·진주·함안·함양·거창·고성, 전남 담양·곡성, 전북 남원·김제·익산·순창, 충남 논산·예산·홍성·공주·부여 등지에서 반입됨",38500.0,33500.0,선물용 소비수요가 소폭 증가한 가운데 보합세에 거래됨,주중 산지가 확대되고 반입 품위가 다양해질 것으로 약보합세 전망,2022
2022-01-25,광주,소매,"전남 담양, 화순, 장성 등지에서 주 출하됨",2500.0,2000.0,"한파 등 생육부진으로 강세를 지속했으나, 화방 교체기 이후 산지 출하가 원활해지면서 공급호전에 따른 반입량 증가로 내림세에 거래됨",설 명절 선물용 소비가 증가할 것으로 보여 강보합세 전망,2022
2022-01-27,대구,소매,"경북 고령군, 경남 합천군, 거창군 등지에서 주로 반입됨",,,가격 강세에 수요가 주춤하다가 최근 설 명절이 다가오면서 수요량 다시 증가하는 추세로 강보합세 거래,향후 명절이 지나감에 따라 수요 소폭 감소할 것으로 예상되어 약보합세 전망,2022
2022-02-04,대전,중도매,"주로 대전, 충남 논산, 금산, 경남 진주, 사천, 하동, 산청, 전북 익산, 등에서 출하됨",,,연휴 동안 중단되었던 수확 및 출하 작업이 재개되면서 출하량 증가로 가격이 내림세로 거래됨,향후에도 2화방 본격 출하로 물량 증가가 예상되므로 약보합세 전망,2022
2022-02-04,서울,중도매,"경남 산청·진주·사천·고성·하동·함양, 전남 담양·곡성, 전북 남원·김제·익산, 충남 논산·공주 등지에서 반입됨",31500.0,26500.0,주산지가 확대되고 반입 품위가 다양해지면서 내림세에 거래됨,주중 제철을 맞아 산지가 확대되고 반입량도 증가할 것으로 약보합세 전망,2022
2022-02-04,부산,소매,"경남 진주, 양산, 밀양지역에서 주로 반입됨",2300.0,2000.0,"명절 이후 수요가 감소하고, 또한 거리두기 영향으로 시장내 거래한산으로 보합세",명절 이후 수요의 감소로 보합세 전망,2022
2022-02-04,대구,소매,"경북 성주군, 청도군, 경남 밀양시, 거창군, 합천군 등지에서 주로 반입됨",,,현재 설 명절 이후로 시장 내 거래 한산하여 수요량 감소하는 추세로 약보합세 거래,"향후 당분간 수요는 부진한 상태가 지속되고, 출하 물량은 점차 증가 추세를 보일 것으로 예상되어 약보합세 전망",2022
2022-02-07,부산,소매,"경남 산청, 거창, 밀양 등에서 주로 반입됨",2300.0,2000.0,명절 이후 수요 감소에 따른 시장 내 재고물량 증가로 보합세에 거래됨,"향후 공급은 꾸준하나, 수요 증가 요인이 없어 보합세 전망",2022
2022-02-07,대전,중도매,"경남 하동군, 진주시, 충남 금산군, 대전광역시, 전북 익산시 등의 지역에서 주로 출하됨",32600.0,27600.0,명절이 지나며 수요가 감소하며 시세가 안정되어 가격의 내림세를 보임,향후 수요 증가 요인은 없을 것으로 예상되어 가격의 내림세 전망,2022
2022-02-07,대구,중도매,"경북 칠곡, 청도 등의 지역에서 주로 출하됨",32000.0,26000.0,"설명절 이후 전반적으로 시장 내 거래량이 부진하고, 산지 출하량이 증가하면서 수요 대비 공급량이 많아 내림세에 거래됨.",당분간 명절 후의 거래량 침체 현상이 지속될 것으로 예상되어 약보합세 전망.,2022
2022-02-07,광주,중도매,"경남 산청, 고성, 충남 논산, 부여, 전남 담양, 화순, 전북 익산, 남원 지역에서 주로 출하됨",31200.0,26200.0,설명절이후 소비가 부진한 가운데 2화방 출하량이 늘어나면서 수요가 따라 주지 못해 중도매인 재고물량 적체로 내림세에 거래됨.,"향후에도 산지 출하량은 늘어날것으로 보이나, 명절이후 소비 부진으로 약세 전망.",2022
2022-02-08,광주,소매,"전남 담양, 강진, 장성 등지에서 주 출하됨",2000.0,1700.0,"생육부진 및 설 수요증가 등으로 강세를 지속했으나, 공급호전 등 주출하시기로 인한 반입량 증가와 명절 이후 소비둔화 등으로 내림세로 전환됨",각 가정마다 설 명절에 구입한 과일이 남아있어 수요둔화로 약보합세 전망,2022
2022-02-09,서울,중도매,"경남 함양·산청·진주, 전남 담양, 전북 익산·김제·남원, 충남 공주 등지에서 반입됨",25400.0,20400.0,명절 후 과채 거래가 전체적으로 감소한 가운데 보합세로 거래됨,주중 기온이 상승하면서 출하지 확산으로 이어지고 시장 내 물량이 증가할 것으로 약세 전망,2022
2022-02-10,광주,중도매,"전남 담양, 화순, 전북 익산, 김제, 남원, 경남 함양· 산청· 진주, 충남 논산, 홍성 지역에서 주로 출하됨.",26200.0,21200.0,"최근 날씨가 포근하면서 일조량 증가로 산지 출하량은 늘어났으나, 코로나 확산으로 시장내 거래가 한산하면서 내림세에 거래됨.","향후에도 기온상승으로 산지 출하량은 늘어날것으로 예상되나, 소비부진으로 약세 전망.",2022
2022-02-10,대전,중도매,"경남 진주시, 하동군, 대전광역시, 충남 금산군, 등의 지역에서 주로 출하됨",27300.0,22300.0,명절 등 행사가 지나가며 수요 증가 요인이 감소함에 따라 가격이 내림세에 거래됨,향후 수요 감소가 지속될 것으로 예상되어 가격의 약보합세 전망,2022
2022-02-11,대구,소매,"경북 청도군, 경남 거창군, 하동군 등지에서 주로 반입됨",,,"최근 평균 기온이 소폭 상승하면서 생육 원활하여 공급량이 증가하고, 명절 이후 소비 수요는 주춤한 상태가 지속되는 상태로 내림세 거래","향후 산지 공급량은 더욱 증가할 것으로 예상되나, 수요량은 비슷한 수준을 유지할 것으로 예상되어 약보합세 전망",2022
2022-02-14,광주,소매,"전남 담양, 장성, 전북 고창 등지에서 주 출하됨",1700.0,1300.0,"화방 교체기 이후 공급물량 증가와 각 가정마다 설 명절에 구입 및 선물 받은 과일(사과, 배 등)이 남아있어 소비둔화로 내림세에 거래됨",별다른 소비증가 요인이 없을 것으로 예상되어 약보합세 전망,2022
2022-02-15,광주,중도매,"경남 산청, 거창, 고성, 충남 논산, 부여, 전남 담양, 전북 익산, 남원 지역에서 주로 출하됨",21200.0,16200.0,"최근 포근한 날씨로 2화방 출하량은 늘어나고 있으나 , 코로나가 확산되면서 시장내 소비가 한산하면서 내림세에 거래됨.","향후에도 작황호전으로 출하량은 증가할것으로 보이나, 3월 등록금 부담에 따른 소비부진으로 약세 전망.",2022
2022-02-15,부산,중도매,"경남 진주, 양산, 밀양 등에서 주로 반입됨",1600.0,1300.0,시장 내 재고물량 증가로 내림세에 거래됨,"향후 공급은 꾸준하나, 수요 증가 요인이 없어 보합세 혹은 약보합세 전망",2022
2022-02-16,광주,중도매,"경남 산청군, 함양군, 충남 논산시, 부여군, 전북 남원시 전남 담양군, 화순군 지역에서 주로 출하됨",18200.0,13200.0,경기침체로 소비가 부진한 가운데 출하량은 계속적으로 늘어나고 있어 중도매인 재고물량 적체로 내림세에 거래됨.,향후에도 코로나 확산에 따른 소비가 부진할것으로 보여 가격은 약세 전망,2022
2022-02-17,서울,중도매,"경남 산청· 사천·진주·고성·거창·하동, 전북 김제·익산·남원·완주·임실·순창, 전남 담양·곡성, 충남 공주·논산·예산·홍성, 서울 등지에서 반입됨",18000.0,13000.0,명절 후 일반종 소비수요가 감소하면서 내림세로 거래됨,주중 제철을 맞아 반입량은 증가세이나 고급종 소비수요는 증가하는 반면 설향 등 일반종 소비수요는 정체기로 당분간 내린 가격이 유지될 전망,2022
2022-02-17,대전,중도매,"경남 하동군, 진주시, 충남 금산군, 대전광역시, 충북 옥천군 등의 지역에서 주로 출하됨",1500.0,1250.0,"최근 출하가 꾸준한 상태이나, 소비자 수요는 감소하는 추세로 재고물량이 증가하여 약보합세에 거래됨",향후 수요 증가 요인은 없을 것으로 예상되어 가격의 보합세 혹은 약보합세 전망,2022
2022-02-17,대구,중도매,"경북 칠곡, 경남 합천 등의 지역에서 주로 출하됨",19000.0,13000.0,반입량에는 변동이 없으나 지나친 고가격 형성으로 인한 부담으로 소비자 수요가 하락하면서 내림세에 거래됨.,당분간 평년세 가격이 될 때까지 소비자 수요 하락이 지속될 것으로 예상되어 약보합세 전망.,2022
2022-02-21,서울,중도매,"경남 진주·함양·산청·사천·고성·거창, 전남 담양·곡성, 전북 김제·익산·남원, 충남 공주·논산, 광주, 서울 등지에서 반입됨",17000.0,12000.0,주말 작업량이 반입되고 시장 내 물량 증가로 내림세에 거래됨,주중 제철을 맞아 반입량은 증가세로 다양한 딸기 종이 반입되어 소비가 분산될 것으로 약보합세 전망,2022
2022-02-22,대전,소매,"주로 대전, 충남 논산, 금산, 충북 영동, 경남 진주, 산청, 사천, 하동, 전북 익산 등에서 출하됨",,,2화방 출하량 증가로 시장 내 물량이 풍부하여 가격이 내림세로 거래됨,"향후에도 출하는 꾸준할 것으로 예상되며, 소비는 특별한 증가 요인이 없을 것으로 예상되므로 약보합세 전망",2022
2022-02-23,부산,중도매,주로 밀양 지역에서 설향 품종 위주로 출하되고 있음,,16000.0,최근 날씨가 추워지면서 출하량이 증가하고 있음,향후 기온 상승 시 출하량 감소로 가격은 보합세에서 하향 안정화될 것으로 예상,2022
2022-02-23,대전,중도매,"대전광역시, 충남 금산군, 논산시, 경남 산청군, 진주시 등의 지역에서 주로 출하됨",19600.0,14600.0,출하 면적 증가에 따른 출하량이 꾸준한 상태로 가격의 내림세를 보임,향후 수요와 공급간 큰 변동없이 일정 수준을 유지할 것으로 예상됨,2022
2022-02-25,부산,소매,"경남 밀양, 김해 등에서 주로 반입됨",1300.0,1000.0,산지 출하량 증가 및 시장 내 반입량 증가로 약보합세,향후 반입이 꾸준하고  예상되어 약보합세 전망,2022
2022-02-28,대구,소매,"경북 청도군, 의성군, 경남 밀양시, 합천군, 하동군 등지에서 주로 반입됨",,,현재 2화방 출하 증가 등 성 출하기로 공급량 증가하여 약보합세 거래,"향후 출하량 더욱 증가하여 공급량 증가하고, 소비는 큰 변동없이 비슷한 수준을 유지할 것으로 예상되어 약보합세 전망",2022
2022-03-02,대전,소매,"주로 대전, 충남 논산, 금산, 경남 진주, 산청, 사천, 하동, 전북 익산 등에서 반입됨",,,현재 성출하기로 시장 내 반입량이 증가하여 가격이 내림세로 거래됨,"향후에도 좋은 기상 조건으로 꾸준한 출하가 예상되나, 제철 간식으로 높은 선호도가 지속될 것으로 예상되므로 보합세 전망",2022
2022-03-02,대구,중도매,"경북 칠곡, 합천 경남 진주, 양산, 함안지역에서 주로 출하됨",18000.0,13000.0,출하 성수기와 주말 대기물량 반입으로 시장내 반입량이 증가하여 약보합세,향후에도 기상회복과 출하지역 확대에 따른 반입량 증가가 예상되어 약보합세 전망,2022
2022-03-04,광주,소매,"경남 산천군, 거창군, 충남 논산시, 홍성군, 전남 담양군, 전북 익산시 등에서 주로 반입됨",1300.0,1100.0,"성출하기를 맞아 산지 출하량 증가 및 참외, 귤 등 소비분산되어 내림세에 거래됨",향후에도 출하량 증가 및 수요의 큰 변동요인이 없을 것으로 예상되어 약보합세 전망,2022
2022-03-07,대구,소매,"경북 김천시, 성주군, 청도군, 경남 거창군 등지에서 주로 반입됨",,,현재 출하 성수기로 시장 내 반입량 증가하여 약보합세 거래,향후 기상 여건도 양호하여 출하량 더욱 증가하여 공급량 증가할 것으로 예상되어 약보합세 전망,2022
2022-03-08,대구,중도매,"경북 칠곡, 합천 경남 진주, 양산, 함안지역에서 주로 출하됨",18000.0,13000.0,"출하 성수기로 시장내 반입량이 증가하나, 제철로 가정내 소비도 증가하여 보합세",향후에는 출하지역 확대에 따른 산지 생산량 증가로 약보합세 전망,2022
2022-03-08,광주,중도매,"경남 찬청군, 함양군, 충남 논산시, 부여군, 전남 담양군, 화순군, 경남 진주시 지역에서 주로 출하됨.",18200.0,13200.0,"봄철 상춘객에 의한 간식용으로 수요는 다소 늘어날 것으로 보이나, 기온상승에 따른 일조량 증가로 2화방, 3화방 출하물량이 증가하면서 약세에 거래됨.",향후에도 작황호전에 따른 출하지역 확대와 제철과일 소비분산으로 가격은 약세 전망.,2022
2022-03-11,대구,중도매,"경북 고령, 합천, 경남 진주, 함안지역에서 주로 출하됨",17000.0,12000.0,"출하 성수기로 시장내 반입량이 증가하나, 주말로 유통업체 및 급식업체의 주문량 감소로 약보합세",향후에도 제철을 맞아 산지 생산량 증가로 약보합세 전망,2022
2022-03-14,대구,중도매,"경북 고령, 합천, 경남 진주, 함안지역에서 주로 출하됨",18000.0,13000.0,"주말 산지 우천으로 반입량은 소폭 감소하나, 주초를 맞아 유통업체 및 급식업체의 주문량 증가로 강보합세",향후에는 출하 성수기를 맞아 산지 생산량 증가로 약보합세 전망,2022
2022-03-15,대구,소매,"경북 경산시, 김천시, 청도군, 의성군, 고령군, 경남 합천군, 거창군 등지에서 주로 반입됨",,,"최근 기온 상승 및 성 출하기로 시장 내 반입량 증가하고, 소비자 수요는 꾸준히 이어져 약보합세 거래","향후에도 성 출하기로 산지 출하 물량 꾸준하게 증가하고, 수요 또한 비슷한 수준을 유지할 것으로 예상되어 약보합세 전망",2022
2022-03-17,부산,중도매,"경남 밀양, 김해, 창원지역에서 주로 반입되고 있음",16000.0,13000.0,기온 상승에 따른 상품성 하락으로 약보합세,지속적으로 기온 상승 예측에 따른 상품성 하락될 것으로 보여 약보합세 전망,2022
2022-03-21,대구,소매,"경북 경산시, 청도군, 고령군, 경남 하동군, 거창군 등지에서 주로 반입됨",,,"현재 시장 내 반입량은 비슷한 수준을 유지하고 있으나, 재고 물량 증가로 상품성 하락하여 약보합세 거래","향후 공급량 더욱 증가할 것으로 예상되나, 기상 호조에 따라 나들이객의 수요 또한 증가할 것으로 예상되어 보합세 전망",2022
2022-03-22,대전,소매,"주로 대전, 충남 논산, 금산, 경남 진주, 하동, 사천, 산청, 전북 익산 등에서 반입됨",,,지난주 우천으로 인한 일조량 부족과 아침저녁 낮은 기온의 영향으로 생육이 부진하고 출하량이 감소하여 가격이 오름세로 거래됨,향후 맑은 날씨와 따뜻한 기온이 예보되고 있어 출하량이 증가할 것으로 예상되므로 약보합세 전망,2022
2022-03-25,광주,소매,"경남 산청군, 거창군, 전북 익산시, 남원시 등지에서 출하됨.",1300.0,,제철을 맞아 출하 지역 확대로 인해 출하량 및 시장 반입량이 증가하여 가격의 내림세를 보임.,"출하량이 증가하는 가운데, 제철 과일 종류가 다양해져 소비가 분산되어 가격의 약보합세를 전망함.",2022
2022-03-29,부산,중도매,경남 밀양 지역 중심으로 반입되고 있음,16000.0,12000.0,"수요 부진에 따라 전일 대비 4,000원 하락",향후 수요 부진이 지속될 것으로 보여 약보합세 전망,2022
2022-03-31,대전,소매,"주로 대전, 충남 논산, 금산, 충북 옥천, 음성, 경남 진주, 사천, 산청, 하동, 전북 익산 등에서 출하됨",,,"충청, 경남 지역의 출하가 활발하고 시장 내 물량이 풍부하여 가격이 내림세로 거래됨","최근 기상이 좋지 않아 출하량 감소가 예상되나, 참외, 오렌지 등 다른 제철 과일들로 소비도 분산될 것으로 예상되므로 보합세 전망",2022
2022-04-04,서울,중도매,"경남 산청·진주·고성·사천, 전남 담양, 경북 고령, 전북 익산·김제 등지에서 반입됨",18400.0,13400.0,한식을 앞두고 소비수요가 소폭 증가하고 오름세로 거래됨,주중 소비수요는 고품질 선물용에 집중되어 설향 등 중품의 소비가 급증하지 않겠으나 오름세는 유지될 전망,2022
2022-04-05,대구,중도매,"경북 고령, 칠곡, 김천 경남 진주, 합천, 함안지역에서 주로 반입됨",18000.0,14000.0,"성출하기와 출하지역 확대로 시장내 반입량은 다소 증가하나, 참외,토마토 등 제철과일류 출하성수기로 소비가 분산되어 약세",향후에도 산지 기온상승에 따른 생산량 증가로 약보합세 전망,2022
2022-04-07,서울,중도매,"경남 산청·진주·사천·고성·거창·하동·함양, 전남 담양·곡성, 경북 고령, 전북 익산·순창·김제·남원, 충남 공주·논산·부여·홍성·보령 등지에서 반입됨",14400.0,9400.0,상품성에 따른 가격차가 벌어지고 내림세에 거래됨,향후 기온 상승에 따른 품위차가 더 증가할 것으로 약보합세 전망,2022
2022-04-12,서울,중도매,"경남 산청·진주·함양·거창·사천·고성·하동, 전남 담양·곡성, 전북 김제·익산·남원, 충남 공주·논산·예산·홍성·보령·부여, 경북 고령 등지에서 반입됨",,,전국 출하 물량이 반입되는 가운데 상품성 격차가 상승하고 가격차가 벌어져 거래됨,향후 기온상승으로 상품성 격차는 더 상승할 것으로 중상품 중심 강보합세 전망,2022
2022-04-12,대전,중도매,"충남 금산군, 경남 사천시, 하동군, 대전광역시 등의 지역에서 주로 출하됨",15000.0,10000.0,기상호전으로 출하 및 반입이 꾸준하여 내림세에 거래됨,"기상 호조에 의해 출하는 꾸준할 것으로 보이나, 나들이객 증가로 소비자 수요 또한 증가할 것으로 예상되어 가격의 보합세 전망",2022
2022-04-13,부산,중도매,"경남 밀양, 김해에서 출하되고 있음",14000.0,10000.0,"시장 반입량이 소폭 증가하면서 전일 대비 4,000원 하락","전년 대비 재배면적 소폭 감소되었고, 3월 중,하순 일조량 감소 등으로 병충해(흰가루, 응애) 발생으로 강보합세 전망",2022
2022-04-13,대구,중도매,"경북 고령, 칠곡, 김천 경남 진주, 합천, 함안지역에서 주로 반입됨",17000.0,13000.0,"최근 참외,토마토 등 제철과일류 출하성수기로 소비가 분산되며, 주중으로 시장내 거래도 부진하여 약보합세",향후에도 산지 기온상승에 따른 출하량 증가로 약보합세 전망,2022
2022-04-19,부산,중도매,"경남 밀양 중심으로 출하되며, 경남 김해, 창원 등에서도 반입되고 있음",14000.0,10000.0,"산지 출하가 끝물 단계로 전일 대비 1,000원 하락",4월 중으로 산지 출하가 대부분 종료될 예정,2022
2022-04-19,대구,중도매,"경북 고령, 칠곡, 김천 경남 진주, 함안, 충남 논산지역에서 주로 반입됨",16000.0,12000.0,"출하지역 확대로 시장내 반입량은 증가하나, 참외,토마토,수박 등 제철과일류 반입량 증가로 소비가 분산되어 약보합세","향후에도 출하종료기에 따른 상품성 하락과 제철과일류(참외,수박, 토마토) 선호도 증가로 약보합세 전망",2022
2022-04-21,대전,중도매,"경남 하동군, 충남 금산군, 경남 진주시 등의 지역에서 주로 출하됨",16600.0,11600.0,출하 종료기가 다가오며 딸기의 당도 감소 등 상품성이 저하되어 소비자 수요가 감소하여 가격의 내림세를 보임,"출하 막바지로 딸기 반입이 점차 감소할 것으로 예상되나, 소비자 수요 또한 감소 추세를 유지할 것으로 예상되어 가격의 보합세 전망",2022
2022-04-22,광주,소매,"경남 산천군, 충남 논산시, 전남 담양군, 전북 익산시, 남원시 지역에서 주로 출하됨",1200.0,800.0,출하 막바지로 딸기의 당도 감소 등 상품성이 저하되어 가격의 내림세를 보임,출하 막바지로 딸기 반입이 점차 감소할 것으로 보여 보합세 전망,2022
2022-04-25,대전,소매,"주로 대전, 충남 금산, 논산, 충북 영동, 경북 김천, 경남 진주, 하동, 사천, 산청, 전북 익산 등에서 반입됨",,,"오렌지, 참외, 등 제철 과일로 소비가 집중되면서 딸기의 소비는 부진하여 가격이 내림세로 거래됨","향후 출하기 종료에 따른 출하량 감소가 예상되나, 품질 하락으로 소비 수요도 감소할 것으로 예상되어 보합세 전망",2022
2022-04-25,광주,소매,"전남 담양, 전북 익산, 남원, 경남 산청 지역에서 주로 출하됨.",1100.0,800.0,"산지 출하물량이 마무리되어가는 농가들이 늘어나면서 반입량은 감소하였으나, 품질이 좋지않아 보합세에 거래됨.","향후에도 출하가 끝나는 농가들이 늘어날것으로 보이나, 상품성이 좋지않아 거래부진으로 약세 전망.",2022
2022-04-28,대구,소매,"경북 김천시, 성주군, 청도군, 경남 거창군 등지에서 주로 반입됨",,,현재 출하 시기의 끝자락으로 출하량 많지 않아 시장 내 반입량 또한 감소하는 추세로 강보합세 거래,향후 출하가 막바지에 다다르면서 공급량 더욱 감소할 것으로 예상되어 강보합세 전망,2022
2022-05-02,대구,중도매,"경남 진주, 양산, 합천, 충남 논산, 경북 고령, 청도지역에서 주로 반입됨",15000.0,12000.0,"산지 출하 종료기로 상품성 하락과 참외, 수박 등 제철과일류 선호도 증가로 약보합세",향후에도 출하종료기에 따른 가정내 수요량 감소로 약보합세 전망,2022
2022-05-03,대전,소매,"주로 대전, 충남 논산, 금산, 충북 보은, 경남 진주, 하동, 사천, 산청, 경북 김천, 전북 익산 등에서 반입됨",,,산지 출하 마무리 시기로 출하량이 감소하여 가격이 오름세로 거래됨,"주 출하지인 경남지역은 곧 출하가 마무리될 것으로 예상되며, 충남지역은 고품질 상품 일부만 출하가 예상되므로 강보합세 전망",2022
2022-12-05,대구,중도매,"경남 밀양, 양산, 진주, 함안 지역에서 주로 반입됨",33000.0,28000.0,"소형마트를 중심으로 거래는 다소 증가하나, 주말 산지 강추위 영향으로 반입량이 감소하여 강보합세",향후에는 출하지역 확대에 따른 반입량 증가로 약보합세 전망,2022
2022-12-06,대구,중도매,"경남 밀양, 양산, 진주, 함안 지역에서 주로 반입됨",32000.0,27000.0,"산지 강추위 영향으로 산지 출하량은 소량이나, 고가형성에 따른 소비 부진과 선호도 감소로 약보합세",향후에는 출하지역 확대에 따른 생산량 증가로 약보합세 전망,2022
2022-12-06,대전,중도매,"충남 금산군, 경남 하동군 등의 지역에서 주로 출하됨",27000.0,23000.0,제철을 맞아 출하량이 점차 늘어나며 가격의 내림세를 보임,향후 점차 출하가 확대될 것으로 예상되어 가격의 약보합세 전망,2022
2022-12-07,서울,중도매,"경남 산청·함양·진주·사천·거창·고성·하동, 전남 담양, 전북 익산·부안·남원·순창·김제, 충남 논산·공주·홍성·예산·부여·보령, 세종 등지에서 반입됨",29200.0,24200.0,"도매가격은 2kg 기준 상품 29,200원, 중품 24,200원 선에 거래됨",,2022
2022-12-13,광주,중도매,"경남 산청군, 거창군, 고성군, 전남 담양군, 전북 익산시, 남원시 지역에서 주로 출하됨",33000.0,28000.0,성출하기로 인한 출하량은 증가한 반면 제철과일 소비분산과 김장철이후 소비부진으로 내림세에 거래됨.,향후에도 산지 출하량 증가와 경기침체에 따른 소비부진으로 약세 전망.,2022
2022-12-13,부산,중도매,"경남 밀양, 김해, 창원, 전남 화순 등에서 반입됨",34300.0,30300.0,금일 산지 출하량이 소폭 감소하면서 전일 대비 강보합세를 보임,향후 성탄절을 앞두고 수요가 증가할 것으로 예상되어 강보합세 전망,2022
2022-12-13,대구,중도매,"경남 밀양, 양산, 진주, 함안, 경북 고령지역에서 주로 반입됨",32000.0,27000.0,"고가형성으로 거래는 한산하나, 최근 산지 출하지역 확대로 반입량이 증가하여 약보합세",향후에도 출하지역 확대에 따른 생산량 증가로 약보합세 전망,2022
2022-12-13,서울,중도매,"경남 산청·함양·진주·사천·거창·고성·하동, 전남 담양, 전북 익산·남원·순창·김제·전주, 충남 공주·논산·예산·홍성·부여 등지에서 반입됨",32600.0,27600.0,중도매 거래가 꾸준하나 전일 재고로 내림세에 거래됨,주중 소비수요는 증가세이나 단맛이 강한 고급 품종으로 집중되면서 일반종 거래가는 현재 수준을 유지할 전망,2022
2022-12-19,대구,중도매,"경남 밀양, 양산, 진주, 함안, 경북 고령지역에서 주로 반입됨",32000.0,28000.0,"주말 산지 기온하락과 추위에 따른 상품성 하락으로 중,상품을 중심으로 강보합세",향후에도 당분간은 추위에 따른 난방 비용 상승 등으로 강보합세 전망,2022
2022-12-19,대전,소매,"주로 대전, 충남 금산, 경남 사천, 하동, 진주, 충북 보은 등에서 반입됨",,,기온 하락에 따른 산지 출하 작업 부진으로 출하량이 감소하여 가격이 내림세로 거래됨,향후 연말 행사 등으로 딸기 소비 수요가 증가할 것으로 예상되므로 강보합세 전망,2022
2022-12-20,광주,중도매,"경남 산청군, 함양군, 충남 논산시, 홍성군, 전남 담양군, 전북 익산시, 남원시 지역에서 주로 출하됨.",30000.0,25000.0,"제철과일로 인한 선호도 수요는 늘어나고 있으나, 성출하기에 따른 출하량 증가로 시장내 재고물량이 충분하여 내림세에 거래됨.","향후에도 경남, 충남지역 등 출하량이 확대가 예상되어 가격은 약세 전망.",2022
2022-12-22,서울,중도매,"경남 사천·고성·산청·진주·함양·거창·하동, 전남 담양·곡성, 전북 남원·부안·익산·순창, 충남 논산·공주·예산·홍성, 경기 여주, 경북 고령 등지에서 반입됨",37600.0,32600.0,연말 소비수요가 집중되고 오름세로 거래됨,주중 일기 변화에 따른 반입량 감소와 연말 수요 증가가 동반되면서 오른 가격이 유지될 전망,2022
2022-12-23,대전,소매,"주로 대전, 충남 금산, 충북 음성, 경남 진주, 산청, 하동, 전북 익산 등에서 반입됨",,,크리스마스를 앞두고 제과점 등에서 소비 수요가 증가하여 가격이 오름세로 거래됨,"향후에도 제철로 꾸준한 소비가 예상되나, 기상 악화로 인해 산지 출하량은 감소할 것으로 예상되므로 강보합세 전망",2022
2022-12-26,서울,중도매,"경남 사천·산청·진주·함양·거창·고성·하동, 전남 담양, 전북 남원·부안·익산·순창, 충남 논산·공주·예산·홍성, 경북 고령, 광주 북구, 세종 등지에서 반입됨",36800.0,29800.0,주말 작업량이 반입되고 소폭 내림세로 거래됨,주중 고정거래처 선물용 특상품 외 거래 정체로 약보합세 전망,2022
2022-12-26,부산,소매,경남 진주·산청·사천·김해·밀양 지역에서 주로 출하됨,1860.0,1560.0,"최근 강추위로 생육이 부진하고, 제철과일로 출하량에 비해 수요가 높아 강보합세",향후 지속적인 소비자 수요 증가로 인한 강보합세 전망,2022
2022-12-26,대구,소매,"경남 밀양, 양산, 진주, 함안, 경북 고령 등지에서 주로 반입됨",,,최근 크리스마스 및 연말 모임 등의 이유로 소비자 수요가 증가하여 강보합세 거래,"향후 소비는 꾸준하며, 산지 기상 악화로 출하량이 감소할 것으로 예상되어 강보합세 전망",2022
2022-12-28,서울,중도매,"경남 사천·산청·진주·함양·거창·고성·무안·하동, 전남 담양, 전북 부안·익산·남원·순창·김제, 충남 공주·논산·예산·홍성·보령·부여, 경북 고령 등지에서 반입됨",36800.0,29800.0,연말 수요가 종료되면서 거래 정체로 보합세로 거래됨,주중 선물용은 고급형 종자로 수요가 분산되고 일반종 반입량이 크게 늘지 않을 것으로 거래가는 유지될 전망,2022
2022-12-28,광주,소매,"전남 담양군, 전북 익산시, 남원시, 경남 산청군 등지에서 출하됨",2230.0,1700.0,기온 하락에 따른 산지 출하 작업 부진으로 출하량이 감소하여 가격이 내림세로 거래됨,향후 연말 행사 등으로 딸기 소비 수요가 증가할 것으로 예상되므로 강보합세 전망,2022
2023-01-02,대전,소매,"주로 대전, 충남 논산, 금산, 계룡, 전북 익산, 경남 진주, 하동, 사천, 산청 등에서 반입됨",,,"크리스마스, 신정 등 연말연시 행사 영향으로 소비량이 증가하여 가격이 오름세로 거래됨",향후에도 설 명절 수요 등 꾸준한 소비가 이루어질 것으로 예상되므로 강보합세 전망,2023
2023-01-03,대전,중도매,"경남 진주시, 충남 금산군 등의 지역에서 주로 출하됨",33300.0,29300.0,제철을 맞아 출하가 꾸준하여 가격의 내림세를 보임,성출하기로 반입이 꾸준할 것이며 소비자 수요 또한 활발할 것으로 예상되어 가격의 약보합세 전망,2023
2023-01-04,부산,중도매,"경남 밀양, 김해, 창원에서 주로 반입됨",30300.0,26300.0,성탄절 및 연말 이후 수요가 소폭 감소하면서 전일 대비 약보합세를 보임,"1월 동향은 인력부족, 정식 지연 농가 증가로 작년 연말 대비 출하량은 감소할 전망",2023
2023-01-05,대구,중도매,"경북 고령, 경주, 경남 밀양, 진주, 함안, 충남 논산지역에서 주로 반입됨",31000.0,27000.0,"산지 출하지역 확대로 시장내 반입량이 증가하나, 설 경기전으로 소비는 다소 한산하여 약보합세",향후에는 명절 준비에 따른 소비량 증가로 강보합세 전망,2023
2023-01-05,부산,중도매,"경남 밀양, 김해에서 주로 반입됨",28300.0,24300.0,"물량은 꾸준히 반입되나, 연말 이후 소비가 주춤하면서 2일 연속 내림세를 보임",산지는 인력부족과 정식 지연 농가가 늘어나면서 시장 반입물량은 감소할 전망,2023
2023-01-05,광주,중도매,"경남 산청, 거창군, 진주시, 전남 담양군, 전북 익산시, 남원시 지역에서 주로 반입됨",30000.0,25000.0,"제철과일로 인한 소비선호도는꾸준하나, 맑은 날씨로 인한 산지 출하량 증가로 내림세에 거래됨.",향후에도 성출하기로 인하여 출하량이 증가할것으로 보여 약세 전망.,2023
2023-01-06,대전,중도매,"대전광역시, 충남 금산군, 경남 산청군 등의 지역에서 주로 출하됨",31600.0,27600.0,기상 여건 호조로 병해 및 해충 발생이 현저히 감소하여 출하량이 꾸준함에 따라 가격의 내림세를 보임,"딸기 출하량은 꾸준할 것이나, 제철 및 신년 행사로 인해 수요가 꾸준하여 가격의 보합세 전망",2023
2023-01-06,광주,소매,"경남 산청, 거창군, 진주시, 전남 담양군, 전북 익산시, 남원시 등지에서 주로 출하됨",2200.0,1700.0,산지 맑은 날씨로 인한 출하량 증가로 내림세에 거래됨,"향후에는 성출하기로 인하여 출하량이 증가하나, 설날 소비선호가 높을 것으로 보여 강보합세 전망",2023
2023-01-09,대전,소매,"주로 대전, 충남 논산, 금산, 당진, 경남 하동, 진주, 산청, 사천, 전북 익산 등에서 반입됨",,,설 명절이 다가오면서 소비 수요가 증가하여 가격이 오름세로 거래됨,"향후에도 설 성수기로 꾸준한 소비가 예상되나, 양호한 작황 상황으로 산지 출하량도 증가할 것으로 예상되므로 보합세 전망",2023
2023-01-10,부산,중도매,"경남 밀양, 김해 등에서 주로 반입됨",27300.0,23300.0,"새해 들어 수요가 감소하였고, 출하량이 늘어나면서 가격은 점차 하락 안정세를 보이고 있음","산지 작업인력 부족 및 고령화로 인한 폐원과 재정식, 정식지연 농가로 인하여 12월 대비 재배면적은 감소할 전망",2023
2023-01-10,서울,중도매,"충남 논산·공주·부여·예산·홍성·보령, 경남 산청·고성·사천·진주·함양·거창·하동, 전남 담양·곡성, 경북 고령, 전북 부안·익산·남원·순창·김제 등지에서 반입됨",27000.0,19200.0,반입지가 늘었으나 상품성에 따른 가격차가 벌어지고 전체 내림세로 거래됨,주중 설명절을 앞두고 선물용 과일로 수요가 집중되면서 중품 이하 약세 전망,2023
2023-01-10,광주,소매,"경남 산청, 거창군, 진주시, 전남 담양군, 전북 익산시, 남원시 등지에서 주로 출하됨",2130.0,1700.0,산지 기상호조로 인한 출하량 증가로 내림세에 거래됨,"향후에도 성출하기로 인하여 출하량이 증가하나, 소비량 증가로 보합세 전망",2023
2023-01-11,대구,중도매,"경북 고령, 경주, 경남 밀양, 진주, 함안, 충남 논산지역에서 주로 반입됨",28000.0,24000.0,"명절을 대비한 산지 출하량은 꾸준히 증가하나, 사과,배 등 선물용 과일 위주의 거래로 약세",향후에는 명절 준비에 따른 가정내 소비량 증가로 강보합세 전망,2023
2023-01-11,대구,소매,경상북도 청도군 등지에서 주로 출하됨,,,"산지 출하량은 꾸준하나, 시장 내 소비 부진이 지속되어 약보합세 거래","향후 출하량은 꾸준하나, 소비량은 큰 변동이 없을 것으로 예상되어 약보합세 전망",2023
2023-01-11,대전,소매,"주로 대전, 충남 논산, 금산, 계룡, 경남 진주, 하동, 전북 익산, 완주 등에서 반입됨",,,성출하기로 시장 내 물량이 풍부하여 가격이 내림세로 거래됨,"향후에도 반입은 꾸준할 것으로 예상되나, 설이 다가올수록 소비 수요가 더욱 증가할 것으로 예상되므로 강보합세 전망",2023
2023-01-12,대전,중도매,"대전광역시, 충남 금산군, 경남 하동군 등의 지역에서 주로 반입됨",28300.0,24300.0,출하는 꾸준하게 이루어지고 있으나 제철로 인한 소비자 수요 증가 및 명절 소비 증가로 로 가격의 오름세를 보임,"향후 소비가 꾸준할 것으로 예상되나, 생육이 원활하여 출하 또한 꾸준할 것으로 예상되어 가격의 보합세 전망",2023
2023-01-12,서울,중도매,"경남 산청·사천·진주·함양·거창·고성, 전남 담양·곡성·무안, 전북 남원·부안·익산·남원·순창·김제, 충남 논산·공주·부여·예산·홍성·하동 등지에서 반입됨",,19200.0,소비수요가 증가세로 고품질 물량 중심 오름세에 거래됨,주중 선물용 수요가 더 증가할 것으로 중상품 가격차가 유지될 전망,2023
2023-01-12,광주,소매,"전남 담양군, 전북 익산시, 남원시, 경남 산천군 등지에서 주로 출하됨",2100.0,1700.0,"성출하기로 출하량은 늘어나는 반면, 소비 부진으로 내림세에 거래됨","향후 출하량은 꾸준하나, 소비량은 큰 변동이 없을 것으로 예상되어 약보합세 전망",2023
2023-01-13,부산,소매,"경남 밀양, 진주 지역에서 주로 반입됨",70.0,,"최근 산지 출하량 증가로 시장 내 반입량은 꾸준하나, 수요 감소로 약보합세",향후에도 출하량 증가로 당분간 약보합세 전망,2023
2023-01-16,광주,소매,"전남 담양군, 전북 익산시, 남원시, 경남 산천군 등지에서 주로 출하됨",1910.0,1650.0,"성출하기로 출하량은 늘어나는 반면, 소비 부진으로 내림세에 거래됨","향후 출하량은 꾸준하나, 소비량은 큰 변동이 없을 것으로 예상되어 약보합세 전망",2023
2023-01-16,대전,소매,"주로 대전, 충남 논산, 금산, 경남 하동, 진주, 산청, 사천, 전북 익산, 완주 등에서 반입됨",,,설 수요 증가로 시장 내에서 활발하게 거래가 이루어지면서 가격이 오름세로 거래됨,향후에도 설 선물용 등 고품질 물량 위주로 소비 수요가 더욱 증가할 것으로 예상되므로 강보합세 전망,2023
2023-01-16,서울,중도매,"경남 산청·사천·진주·함양·합천·거창·고성·하동, 전남 담양·곡성·무안, 전북 남원·부안·익산·순창·김제, 충남 논산·공주·예산·홍성, 경북 고령 등지에서 반입됨",29800.0,24200.0,선물용 수요가 감소하고 내림세에 거래됨,주중 추위가 예보되어 반입량 감소가 예상되나 소비 정체로 내린 가격이 유지될 전망,2023
2023-01-17,대전,중도매,"대전광역시, 전북 익산시 등의 지역에서 주로 반입",27600.0,23600.0,금일 시장 방문객 증가 영향과 더불어 명절을 앞두고 과일 및 과일과채류 수요 증가로 가격의 오름세를 보임,금주까지는 수요가 증가 추세를 유지할 것으로 예측되어 가격의 강보합세 전망,2023
2023-01-17,광주,중도매,"경남 산청, 함양군, 전남 담양군, 전북 익산시, 남원시 지역에서 주로 출하됨.",29000.0,24000.0,"성출하기로 인한 반입량은 꾸준하게 증가하고 있으나, 설명절 차례상 준비로 수요가 늘어가면서 경매가 활발하여 오름세에 거래됨.",향후에도 선물용 및 차례상 등 상품성이 양호한 물량 위주로 수요가 증가할것으로 보여 강보합세 전망.,2023
2023-01-18,대전,중도매,"충남 논산시, 금산군, 대전광역시 등의 지역에서 주로 반입",31300.0,27300.0,"생육기 기상 여건 호조로 출하량은 증가하는 추세이나, 제철 및 명절 영향으로 공급량 대비 소비자 수요가 활발하여 가격의 오름세를 보임",향후 소비와 공급간 현재 수준을 유지할 것으로 예상되어 가격의 보합세 전망,2023
2023-01-19,대구,중도매,"경북 고령, 경주, 경남 밀양, 진주, 함안, 충남 논산지역에서 주로 반입됨",32000.0,28000.0,출하성수기를 맞아 산지 생산량이 꾸준히 증가하는 가운데 명절을 대비한 소형유통업체 및 가정내 소비량 증가로 강보합세,향후에는 명절이 종료되면서 거래량 감소로 약보합세 전망,2023
2023-01-19,서울,중도매,"경남 산청·사천·진주·함양·합천·고성·거창·하동, 전남 담양·곡성·무안, 전북 남원·부안·익산·순창·김제, 충남 논산·공주·예산·홍성·보령·부여, 경북 고령 등지에서 반입됨",31000.0,26000.0,전일 대비 반입량이 늘었으나 고품질 물량 부족으로 전체 오름세에 거래됨,설 명절 기간 후에도 추위로 중상품 물량 부족이 예상되며 오른 가격이 유지될 전망,2023
2023-01-19,대전,소매,"주로 대전, 충남 금산, 당진, 경남 산청, 하동, 진주, 사천 에서 반입됨",,,낮아진 기온 영향으로 산지 출하량이 감소하고 설 명절 소비 수요는 꾸준하여 가격이 오름세로 거래됨,향후 설이 지난 이후로는 소비 수요가 감소할 것으로 예상되므로 약보합세 전망,2023
2023-01-20,광주,중도매,"경남 산청군, 고성군, 충남 논산시, 공주시, 전남 담양군, 전북 익산시 지역에서 주로 반입됨",32000.0,27000.0,"성수기로 인한 출하량은 꾸준하게 늘어나고 있으나, 선물용 및 가정내 소비선호로 수요가 증가하면서 오름세에 거래됨.","향후 제철과일로 인한 소비수요는 꾸준하겠지만, 산지 출하량 증가로 약보합세 전망.",2023
2023-01-25,대구,소매,"경상남도 밀양시, 경상북도 고령군 등지에서 주로 출하됨",,,"설 명절까지 소비자 수요가 활발하였으나, 명절 종료 이후 소비자 수요가 감소하여 약보합세 거래","향후 소비 부진이 지속될 것으로 예상되나, 낮은 기온의 영향으로 산지 출하량이 적을 것으로 예상되어 보합세 전망",2023
2023-01-25,대전,중도매,"경남 진주시, 산청군 등의 지역에서 주로 반입됨",28300.0,24300.0,명절 이후 소비가 감소함에 따라 가격의 내림세를 보임,향후 설 명절이 지나면 소비가 감소할 것으로 예상되어 가격의 약보합세 전망,2023
2023-01-25,서울,중도매,"경남 산청·사천·진주·합천·함양·거창·고성·하동, 전남 담양·곡성, 전북 부안·익산·남원·순창·김제, 경북 고령, 충남 논산·공주·예산·홍성·부여 등지에서 반입됨",27600.0,22600.0,명절 후 기온이 급감하였으나 반입량이 유지되어 내림세로 거래됨,주중 명절 소비가 종료되고 거래 정체로 약보합세 전망,2023
2023-01-30,서울,중도매,"경남 산청·사천·진주·함양·거창·고성·하동, 전남 담양, 전북 남원·부안·익산·순창·김제, 충남 논산·공주·예산·홍성·보령·부여, 경북 고령 등지에서 반입됨",29800.0,24800.0,주말 작업량이 반입되었으나 품위차가 발생하여 중상품 오름세로 거래됨,"주중 소비 선호에 따른 금실, 죽향과 설향 일반종의 가격차가 벌어진 상황으로 중상품 가격은 유지될 전망",2023
2023-01-30,대전,소매,"주로 대전, 충남 금산, 당진, 논산, 경남 진주, 산청, 하동, 사천, 전북 익산 등에서 반입됨",,,"산지 출하는 꾸준한 반면, 설 명절 이후로 소비 수요가 부진하여 가격이 내림세로 거래됨",향후 기온 상승 및 맑은 날씨 예보로 산지 출하량이 더욱 증가할 것으로 예상되므로 약보합세 전망,2023
2023-02-02,대전,중도매,"충남 금산군, 논산시, 대전광역시 등의 지역에서 주로 반입됨",29000.0,25000.0,"최근 기상악화로 출하가 부진하여 강세에 형성되었으나, 금주 기상이 완화되어 출하가 원활하여 가격의 내림세를 보임",차주부터 입춘이 지나며 기온이 오름세일 것으로 예상되어 출하가 원활할 것으로 가격의 약보합세 전망,2023
2023-02-07,대구,중도매,"경북 고령, 경주, 경남 밀양, 진주, 함안, 충남 논산지역에서 주로 반입됨",26000.0,22000.0,출하성수기를 맞아 산지 출하량이 꾸준히 증가하는 가운데 주중으로 시장내 거래는 다소 한산하여 약보합세,향후에도 산지 기온상승에 따른 생산량 증가로 약보합세 전망,2023
2023-02-07,부산,중도매,"경남 밀양, 김해에서 주로 반입됨",23300.0,19300.0,작황 호전에 따른 산지 출하물량이 크게 늘어나면서 전일 대비 약보합세를 보임,당분간 출하물량 증가로 약보합세 전망,2023
2023-02-09,대전,소매,"주로 대전, 충남 논산, 금산, 당진, 계룡, 충북 영동, 경남 하동, 산청, 사천, 진주, 전북 익산, 완주 등에서 반입됨",,,최근 좋은 기상조건으로 활발한 출하가 이루어지면서 시장 내 물량이 풍부하여 가격이 내림세로 거래됨,"대체 과일인 감귤, 오렌지 등의 공급 부진 영향으로 향후 딸기 소비 비중이 더욱 높아질 것으로 예상되므로 강보합세 전망",2023
2023-02-13,광주,중도매,"경남 산청군, 고성군, 전남 담양군, 충남 논산시, 전북 익산시 지역에서 주로 반입됨",24000.0,19000.0,성출하기로 인한 출하량 증가와 3월 새학기 등록금 부담으로 소비가 부진하면서 현시세에 거래됨.,향후에도 제철과일로 인한 생산량은 늘어나겠지만 소비가 부진할것으로 보여 약보합세 전망.,2023
2023-02-14,대전,소매,"주로 대전, 충남 금산, 당진, 경남 진주, 산청, 하동, 사천, 전북 익산 등에서 반입됨",,,산지에서 출하가 꾸준하게 이루어지면서 반입 물량 증가로 가격이 내림세로 거래됨,향후 좋은 기상 조건으로 출하량이 더욱 증가할 것으로 예상되므로 약보합세 전망,2023
2023-02-14,부산,소매,"경남 밀양, 진주 지역에서 주로 반입됨",70.0,,최근 산지 작황상태가 좋아 시장반입량이 꾸준해지면서 가격 소폭 내림세,향후에도 출하량 증가와 소비부진에 따른 보합세 전망,2023
2023-02-17,부산,중도매,경남 밀양에서 주로 출하됨,26600.0,22600.0,최근 시장 반입량이 조금씩 감소하면서 지속적인 오름세를 보임,산지 일기 회복과 성출하기에 따른 물량 증가로 약보합세 전망,2023
2023-02-17,대전,소매,"주로 대전, 충남 금산, 계룡, 논산, 충북 영동, 당진, 경남 진주, 사천, 산청, 하동, 전북 익산 등에서 반입됨",,,성출하기로 다양한 산지에서 출하가 활발하여 가격이 내림세로 거래됨,향후 주말 우천 예보 등 기상 악화로 인한 출하량 감소가 예상되므로 강보합세 전망,2023
2023-02-22,광주,소매,"경남 산청군, 고성군, 전남 담양군, 충남 논산시, 전북 익산시 지역에서 주로 반입됨",2000.0,1800.0,최근 산지 낮은 기온으로 인한 출하량 감소로 오름세에 거래됨,향후에는 제철과일로 인한 생산량은 늘어나겠지만 소비가 부진할것으로 보여 약보합세 전망,2023
2023-02-24,광주,소매,"경남 산청군, 고성군, 전남 담양군, 충남 논산시, 전북 익산시 지역에서 주로 반입됨",1800.0,1500.0,최근산지 기온상승으로 인한 출하량 증가로 내림세에 거래됨,향후에는 제철과일로 인한 생산량은 늘어나겠지만 소비가 부진할것으로 보여 약보합세 전망,2023
2023-02-27,광주,소매,"경남 산청군, 고성군, 전남 담양군, 충남 논산시, 전북 익산시 지역에서 주로 반입됨",1720.0,1500.0,최근산지 기온상승으로 인한 출하량 증가와 소비분산으로  내림세에 거래됨,향후에는 제철과일로 인한 생산량은 늘어나겠지만 소비가 부진할것으로 보여 약보합세 전망,2023
2023-02-27,서울,중도매,"경남 고성ㆍ사천ㆍ산청ㆍ 진주ㆍ함양ㆍ거창ㆍ하동, 경북 고령, 전남 곡성ㆍ담양, 전북 남원ㆍ부안ㆍ완주ㆍ익산ㆍ순창, 충남 부여ㆍ논산ㆍ계룡ㆍ공주ㆍ예산ㆍ홍성, 서울 도봉 등지에서 주 출하됨",,,지난주부터 전형적인 초봄 날씨를 보인 가운데 생육상황이 원활하여 출하물량은 증가하고 있으나 신학기 등 지출 부담에 따른 소비가 주춤하면서 약간 내림세에 거래됨,주중 생육호전에 따른 물량증가로 약보합세 예상,2023
2023-02-28,대전,소매,"주로 대전, 충남 계룡, 논산, 금산, 당진, 경남 산청, 진주, 하동, 전북 익산 등에서 반입됨",,,최근 기온 상승 및 맑은 날씨로 꾸준한 산지 출하가 이루어지면서 시장 내 물량이 풍부하여 가격이 내림세로 거래됨,향후 학교 개학에 따른 급식자재 소비 증가 및 참외 출하 지연으로 딸기 소비 수요가 증가할 것으로 예상되므로 강보합세 전망,2023
2023-03-07,대구,중도매,"경북 고령, 경주, 경남 밀양, 진주, 함안, 충남 논산지역에서 주로 반입됨",23000.0,19000.0,"출하성수기를 맞아 산지 출하량은 증가하나, 주초가 지나면서 대형수급처의 주문량 감소로 약보합세","향후에도 오렌지, 감귤, 토마토 등 제철과일류 선호도 증가로 약보합세 전망",2023
2023-03-08,부산,중도매,"경남 밀양, 김해에서 반입됨",23300.0,19300.0,최근 산지 기온이 상승함에 따른 출하량 증가로 전일 대비 소폭 내림세를 보임,"농가 고령화, 작업 인력 부족에 따른 4월 출하면적은 전년 대비 소폭 감소할 전망",2023
2023-03-08,대전,소매,"주로 대전, 충남 당진, 계룡, 금산, 충북 보은, 경남 하동, 진주, 사천, 등에서 반입됨",,,"오렌지, 참외 등 다른 과일, 과채류의 반입 증가로 소비 수요가 분산되며 가격이 내림세로 거래됨",향후 기온 상승에 따른 무름과 발생율 증가 및 3화방 수정 불량률 증가에 따른 출하량 감소가 예상되므로 강보합세 전망,2023
2023-03-14,광주,중도매,"경남 산청군, 거창군, 전남 담양군, 전북 익산시, 남원시, 충남 홍성군 지역에서 주로 반입됨",17000.0,13000.0,"성출하기로 인한 산지 출하물량 증가 및 제철과일 참외, 오렌지 등 소비 분산으로 내림세에 거래됨.",향후에도 가온상승에 따른 일조량 증가로 출하량이 늘어날것으로 보여 약보합세 전망.,2023
2023-03-22,부산,소매,"경남 밀양, 진주 지역에서 주로 반입됨",100.0,30.0,"최근 산지 작황상태가 좋아 시장반입량은 꾸준하나 , 시장 내 참외, 오렌지 등 제철과일 선호로 인해 소비는 부진하여 내림세 거래됨",향후에도 출하량 증가와 소비부진에 따른 보합세 전망,2023
2023-03-24,부산,소매,"경남 밀양, 진주 지역에서 주로 반입됨",30.0,30.0,"최근 시장 내 참외, 오렌지 등 제철과일 선호로 인해 소비 부진하여 소폭 내림세 거래됨",향후에도 출하량 증가와 소비부진에 따른 보합세 전망,2023
2023-03-24,대전,중도매,"주로 충남 금산군, 경남 진주시 등의 지역에서 반입됨",17600.0,13600.0,작일 대비 반입량은 증가하였으나 최근 높은 기온에 따른 품위 저하로 가격이 하락세를 보임,향후 지속적인 기온 상승이 예상되어 약보합세 전망,2023
2023-03-29,대전,소매,"주로 대전, 충남 금산, 당진, 계룡, 전북 익산, 경남 산청, 하동, 진주, 경북 김천 등에서 반입됨",,,"주 품종인 설향을 비롯해 금실, 킹스베리 등 다양한 품종의 딸기가 반입되면서 시장 내 물량이 풍부하여 가격이 내림세로 거래됨","향후 참외 오렌지 등 다른 과일, 과채류로 소비가 분산되어 꾸준한 공급 대비 소비가 부진할 것으로 예상되므로 약보합세 전망",2023
2023-04-28,대전,소매,"주로 대전, 충남 논산, 계룡, 금산, 전북 익산, 경남 하동, 사천 등에서 반입됨",,,대체 과일인 참외 반입 증가로 소비 수요가 분산되면서 가격이 내림세로 거래됨,"향후 제철이 지나면서 당도 저하, 무름과 발생 증가 등 상품성 하락으로 인해 소비가 부진할 것으로 예상되므로 약보합세 전망",2023
2023-04-28,서울,중도매,"경남 사천, 산청, 진주 전북 익산, 남원 전남 담양 등지에서 반입됨",800.0,1100.0,산지 출하 마무리 시기로 물품마다 풀질 변화가 심하고 상품은 오름세 중품은 내림세로 거래됨,산지 출하량도 줄어들고 품위도 나빠지고 있어서 보합세를 유지하다가 종료될 것으로 예상함,2023
2023-05-08,대전,소매,"주로 대전, 충남 논산, 금산, 경남 진주, 하동, 전북 익산, 등에서 반입됨",,,"참외, 수박 등 대체 품목들의 반입 및 소비 증가로 딸기 소비가 부진하여 가격이 내림세로 거래됨",향후 출하 마무리 시기로 점차 반입 물량이 감소할 것으로 예상되므로 강보합세 전망,2023
2023-05-17,광주,소매,"주로 대전, 충남 논산, 금산, 경남 진주, 하동, 전북 익산, 등지에서 출하됨",1200.0,1000.0,출하 마무리 시기로 반입물량 감소로 오름세에 거래됨,향후에도 출하 마무리 로 인해 당분간 보합세 전망,2023
2023-12-11,서울,중도매,"경남 산청ㆍ거창ㆍ진주ㆍ하동ㆍ함양, 전남 담양, 전북 남원ㆍ부안ㆍ익산, 충남 논산 등지에서 반입됨",,,딸기(설향) 반입초기로 높은 가격대로 형성되어 있으나 꾸준히 반입량(100톤이상)이 증가하면서 가격이 점차 내림세로 거래됨,향후 제철로 딸기 반입량이 꾸준히 증가하여 가격의 내림세가 유지될 것으로 예상됨,2023
2023-12-12,부산,중도매,"경남 통영, 김해, 밀양, 산청, 거창, 전남 화순 지역에서 주 출하됨",36000.0,31000.0,기온이 높아 생육이 좋은 가운데 출하지역 확산으로 연일 많은 물량이 출하되어 내림세에 거래됨,향후에도 출하지역 확산으로 출하량이 풍부하여 약보합세에 거래될 전망,2023
2023-12-12,광주,소매,"전남 담양, 장성, 강진, 전북 고창, 순창, 충남 논산 등지에서 반입됨",,,출하 초기로 높은 가격대를 형성하고 있으나 점점 시장내 반입량이 증가하면서 내림세에 거래됨,앞으로도 딸기 출하량이 증가할 것으로 예상되어 약보합세 전망,2023
2023-12-12,대전,소매,"주로 대전, 충남 논산, 당진, 금산, 경남 하동, 진주, 전북 완주, 김제 등에서 반입됨",,,생육 지연으로 물량이 부족했던 출하 초기 대비 산지 출하량이 점차 증가하고 있어 가격이 내림세로 거래됨,"향후 경남, 충청지역 1화방 딸기 출하 성수기로 반입 물량이 더욱 증가할 것으로 예상되므로 약보합세 전망",2023
2023-12-13,부산,중도매,"경남 통영, 김해, 밀양, 산청, 거창, 전남 화순 지역에서 주 출하됨",33000.0,28000.0,전일에 이어 생육 양호와 출하지역 확산으로 많은 물량이 출하되어 내림세가 지속되고 있음,향후에도 출하량이 풍부하여 약보합세에 거래될 전망,2023
2023-12-14,서울,중도매,"경남 산청ㆍ거창ㆍ진주ㆍ하동ㆍ함양, 전남 담양, 전북 남원ㆍ부안ㆍ익산, 충남 논산 등지에서 반입됨",,,"딸기(설향) 꾸준히 반입량(100톤이상)이 증가하고 높은 가격대로 소비자 수요가 적어 가격이 점차 내림세로 거래됨(특히 설향이 높은 가격대로 차라리 가격이 더 높으나 당도가 더 높은 장희,금실 선호가 커짐)",향후 크리스마스연휴때 까지는 강보합세를 유지하다가 연휴 이후 가격의 내림세가 예상됨,2023
2023-12-15,서울,중도매,"경남 산청ㆍ거창ㆍ진주ㆍ하동ㆍ함양, 전남 담양, 전북 남원ㆍ부안ㆍ익산, 충남 논산 등지에서 반입됨",,,2일 연속 폭우로 인해 딸기(설향)의 당도가 떨어지고 반입물량이 100톤이상 반입되면서 가격의 내림세로 거래됨,향후 크리스마스연휴때 까지는 강보합세를 유지하다가 연휴 이후 가격의 내림세가 예상됨,2023
2023-12-15,부산,중도매,"경남 통영, 김해, 밀양, 산청, 거창, 전남 화순 지역에서 주 출하됨",31000.0,26000.0,"출하지역 확산 등으로 많은 물량이 출하되었고, 우천으로 소비는 감소하여 내림세에 거래되고 있음",향후에도 일기불순으로 소비가 부진하여 약보합세에 거래될 전망,2023
2023-12-15,대전,중도매,"주로 경남 진주, 산청, 하동, 충남 금산, 논산 등에서 반입됨",,,출하 초기 대비 출하 지역 확산으로 시장 내 반입량이 늘어 가격이 지속해서 내림세로 거래되고 있음,"향후 출하 물량이 꾸준하게 증가하며, 연말 행사 등으로 소비 증가가 예상되어 시세 소폭 상승 전망",2023
2023-12-19,서울,중도매,"경남 산청ㆍ거창ㆍ진주ㆍ하동ㆍ함양, 전남 담양, 전북 남원ㆍ부안ㆍ익산, 충남 논산 등지에서 반입됨",,,크리스마스연휴가 다가오면서 딸기에 대한 수요가 매우 높아서 가격의 오름세로 거래됨(딸기 케이크 등 딸기에 대한 수요가 높음),향후 크리스마스연휴때 까지는 강보합세를 유지하다가 연휴 이후 가격의 내림세가 예상됨,2023
2023-12-20,대전,중도매,"주로 경남 사천, 산청, 진주, 하동, 충남 금산 등에서 반입됨",,,크리스마스 연휴 및 행사 등으로 인해 딸기 소비가 증가하여 가격이 오름세로 거래됨,향후에도 크리스마스 및 연말 행사까지 딸기 소비 증가로 강보합세 전망,2023
2023-12-21,서울,중도매,"경남 산청ㆍ거창ㆍ진주ㆍ하동ㆍ함양, 전남 담양, 전북 남원ㆍ부안ㆍ익산, 충남 논산 등지에서 반입됨",,,크리스마스연휴가 다가오면서 딸기에 대한 수요가 매우 높아서 가격의 오름세로 거래됨(딸기 케이크 등 딸기에 대한 수요가 높음),향후 크리스마스연휴때 까지는 강보합세를 유지하다가 연휴 이후 가격의 내림세가 예상됨,2023
2023-12-21,대전,소매,"주로 대전, 충남 금산, 논산, 전북 김제, 익산, 경남 하동, 진주, 사천 등에서 반입됨",,,한파로 인한 산지 출하량 감소 및 연말 수요 증가로 인해 가격이 오름세로 거래됨,향후에도 크리스마스 등 각종 연말 행사가 늘어나면서 딸기 소비 수요가 높을 것으로 예상되므로 강보합세 전망,2023
2023-12-22,부산,중도매,"경남 통영, 김해, 밀양, 산청, 거창, 전남 화순 지역에서 주 출하됨",36000.0,31000.0,"기온하락으로 생육부진과 출하지역 축소로 출하량이 감소하였고, 전문상인들의 물량확보 수요는 증가하여 오름세에 거래됨",향후에도 출하량 부족으로 강보합세에 거래될 전망,2023
2023-12-22,서울,중도매,"경남 산청ㆍ거창ㆍ진주ㆍ하동ㆍ함양, 전남 담양, 전북 남원ㆍ부안ㆍ익산, 충남 논산 등지에서 반입됨",,,납품업체들이 크리스마스연휴 사전 비축물량들의 많이 확보하여 수요 감소로 가격의 내림세로 거래됨,향후 크리스마스연휴때 까지는 보합세를 유지하다가 연휴 이후 가격의 내림세가 예상됨,2023
2023-12-26,부산,중도매,"경남 통영, 김해, 밀양, 산청, 거창, 전남 화순 지역에서 주 출하됨",39000.0,34000.0,"최근 한파로 출하량이 감소하여 시중물량이 부족한 반면, 소비는 증가하고 있어 오름세가 지속되고 있음",향후에도 출하량 부족으로 강보합세에 거래될 전망,2023
2023-12-26,대전,중도매,"주로 경남 진주, 사천, 하동, 충남 금산, 논산 등에서 반입됨",,,크리스마스 연휴가 끝난 후로 소비가 감소하여 가격이 내림세로 거래됨,향후 연말 행사 등으로 인해 다시 소비 증가가 예상되어 강보합세 전망,2023
2023-12-27,대구,중도매,"경남 산청,함안,진주,양산, 전남 담양지역에서 주로 반입됨",38000.0,34000.0,"연말연시 가정내 소비는 다소 증가하나, 지난 주말부터 계속되는 산지 추위와 눈으로 반입량이 감소하여 강보합세",향후에도 당분간은 강추위와 강설에 따른 출하량 감소로 강보합세,2023
2023-12-29,대전,소매,"주로 대전, 충남 금산, 논산, 전북 익산, 완주, 경남 진주, 산청, 사천, 하동 등에서 반입됨",,,신정 연휴를 앞두고 딸기 소비 수요가 증가하여 가격이 오름세로 거래됨,"향후에도 소비는 꾸준하겠으나, 다소 따뜻해진 기온으로 생육이 원활하고 산지 생산량이 증가할 것으로 예상되므로 약보합세 전망",2023
2024-01-02,부산,소매,"경남 통영, 밀양, 진주, 김해 지역에서 주로 출하됨",50.0,70.0,연말 수요량 증가 및 전일 연휴로 작업이 부진하여 물량 부족으로 오름세 거래됨,당분간 출하물량 부족으로 강보합세 전망,2024
2024-01-02,대구,중도매,"경남 산청,함안,진주,양산, 전남 담양지역에서 주로 반입됨",38000.0,34000.0,금일까지 도매시장 휴무로 반입량과 거래량 없어 보합세,향후에도 당분간은 추위에 따른 산지 생산량 감소로 강보합세 전망,2024
2024-01-03,서울,중도매,"경남 산청ㆍ거창ㆍ진주ㆍ하동ㆍ함양, 전남 담양, 전북 남원ㆍ부안ㆍ익산ㆍ김제, 충남 논산ㆍ공주ㆍ예산ㆍ홍성 등지에서 반입됨",,,"크리스마스 연휴 이후, 수요가 크게 감소해 가격이 크게 하락함",향후 보합세를 유지하다가 설연휴가 다가오면서 수요 증가로 가격 오름세가 예상됨,2024
2024-01-03,대전,중도매,"주로 경남 진주, 하동, 충남 논산, 금산 등에서 반입됨",,,연말 각종 행사 등이 마무리되어 수요가 감소하여 가격이 내림세로 거래됨,"향후 다소 따뜻한 기온으로 산지 출하량이 증가하나, 제철 과일로 수요가 꾸준하게 예상되어 보합세 전망",2024
2024-01-04,부산,중도매,"경남 통영, 밀양, 김해, 산청, 거창, 진주, 함양, 전남 화순 지역에서 주 출하됨",35000.0,30000.0,연말 및 연초 연휴 등으로 지연된 물량의 출하로 많은 물량이 출하됨에 따라 시중 적체되어 연일 내림세에 거래됨,향후에도 출하량이 풍부하여 약보합세에 거래될 전망,2024
2024-01-04,서울,중도매,"경남 산청ㆍ거창ㆍ진주ㆍ하동ㆍ함양, 전남 담양, 전북 남원ㆍ부안ㆍ익산ㆍ김제, 충남 논산ㆍ공주ㆍ예산ㆍ홍성 등지에서 반입됨",,,"연휴 이후, 수요가 크게 감소해 내림세로 거래됨",향후 약보합세를 유지하다가 설연휴가 다가오면서 수요증가로 가격의 오름세가 예상됨,2024
2024-01-04,대구,중도매,"경남 산청,함안,진주,양산, 전남 담양지역에서 주로 반입됨",35000.0,31000.0,고가에 따른 소비 부진과 금일 일기회복으로 반입량도 증가하여 약보합세,향후에도 학교방학에 따른 급식수요 감소 등으로 약보합세 전망,2024
2024-01-05,대구,중도매,"경남 산청,함안,진주,양산, 전남 담양지역에서 주로 반입됨",32000.0,28000.0,"경남,북 산지 기상회복으로 반입량은 다소 증가하나, 아직은 고가로 소비가 둔화되어 약보합세",향후에도 출하 성수기에 따른 생산량 증가로 약보합세,2024
2024-01-05,부산,중도매,"경남 통영, 밀양, 김해, 산청, 거창, 진주, 함양, 전남 화순 지역에서 주 출하됨",31000.0,26000.0,최근 출하량 증가로 시중 물량이 적체되어 있는 가운데 금일도 많은 물량이 출하되어 내림세가 지속되고 있음,향후에도 시중 물량이 풍부하여 약보합세에 거래될 전망,2024
2024-01-05,서울,중도매,"경남 산청ㆍ거창ㆍ진주ㆍ하동ㆍ함양, 전남 담양, 전북 남원ㆍ부안ㆍ익산ㆍ김제, 충남 논산ㆍ공주ㆍ예산ㆍ홍성 등지에서 반입됨",,,"신정연휴 이후, 많이 하락한 가격으로 수요 증가해 가격 소폭 상승",향후 약보합세를 유지하다가 설연휴가 다가오면서 수요 증가로 강보합세 전망,2024
2024-01-08,대구,중도매,"경남 산청,함안,진주,양산, 전남 담양지역에서 주로 반입됨",30000.0,26000.0,지난주 산지 기온상승과 주말 출하대기 물량 반입으로 시장내 물량이 풍부하여 약보합세,향후에도 출하 성수기에 따른 출하량 증가로 약보합세,2024
2024-01-08,대전,소매,"주로 대전, 충남 금산, 논산, 경남 하동, 의령, 진주, 산청, 전북 익산, 김제, 완주 등에서 반입됨",,,출하 성수기로 시장 내 공급이 원활하여 가격이 내림세로 거래됨,"1화방 딸기 출하가 완료 됐고, 사과 등 다른 과일류의 반입 감소로 딸기 수요 증가해 강보합세 전망",2024
2024-01-08,서울,중도매,"경남 산청ㆍ거창ㆍ진주ㆍ하동ㆍ함양, 전남 담양, 전북 남원ㆍ부안ㆍ익산ㆍ김제, 충남 논산ㆍ공주ㆍ예산ㆍ홍성 등지에서 반입됨",,,크리스마스연휴 및 신정연휴이후 수요가 크게 감소하여 가격의 내림세로 거래됨,향후 약보합세를 유지하다가 설연휴가 다가오면서 수요증가로 가격의 오름세가 예상됨,2024
2024-01-10,부산,중도매,"경남 통영, 밀양, 김해, 산청, 거창, 진주, 함양, 전남 화순 지역에서 주 출하됨",29000.0,24000.0,"산지 출하량 증가로 최근 가격이 하락하여 소비가 증가하고 있으나, 연일 많은 물량 출하로 시중물량이 풍부하여 내림세에 거래됨",향후에도 시중물량과 출하량이 풍부하여 약보합세에 거래될 전망,2024
2024-01-15,대전,중도매,"주로 충남 논산, 경남 진주 등에서 반입됨",,,산지 출하량은 꾸준하나 설 연휴 대비로 수요량이 증가하여 가격이 오름세로 거래됨,향후에도 설 연휴로 인한 꾸준한 수요량 증가가 예상되어 강보합세 전망,2024
2024-01-15,서울,중도매,"경남 산청ㆍ거창ㆍ진주ㆍ하동ㆍ함양, 전남 담양, 전북 남원ㆍ부안ㆍ익산ㆍ김제, 충남 논산ㆍ공주ㆍ예산ㆍ홍성 등지에서 반입됨",,,설 연휴가 다가오면서 선물세트 등 딸기에 대한 수요가 크게 증가하면서 가격의 오름세로 거래됨,향후 설 연휴가 다가오면서 수요증가로 가격의 오름세가 예상됨,2024
2024-01-22,대전,중도매,"주로 경남 진주, 하동 등에서 반입됨",,,"다가오는 설 연휴로 소비량은 증가하고 있지만, 한파 및 우천 등 산지 기상 악화로 시장 내 반입량이 감소해 가격이 오름세로 거래됨",향후 설 연휴 대비로 인해 꾸준한 수요량 증가가 예상되어 강보합세 전망,2024
2024-01-22,서울,중도매,"경남 산청ㆍ거창ㆍ진주ㆍ하동ㆍ함양, 전남 담양, 전북 남원ㆍ부안ㆍ익산ㆍ김제, 충남 논산ㆍ공주ㆍ예산ㆍ홍성 등지에서 반입됨",,,설 연휴가 다가오면서 선물세트 등 딸기에 대한 수요가 크게 증가하면서 가격의 오름세로 거래됨,향후 설 연휴가 다가오면서 수요증가로 가격의 오름세가 예상됨,2024
2024-01-23,대구,중도매,"경남 산청,함안,진주,양산, 전남 담양지역에서 주로 반입됨",38000.0,34000.0,산지 급격한 기온하락 영향으로 상품성 하락과 반입량 감소로 강보합세,향후에도 당분간은 추위에 따른 출하량 감소로 강보합세,2024
2024-01-24,부산,중도매,"경남 김해, 밀양, 진주, 양산 지역에서 주 출하됨",37000.0,32000.0,강추위 생육부진으로 출하량이 감소하면서 시중물량이 부족하여 오름세에 거래됨,향후에도 생육부진으로 출하량이 부족하여 강보합세에 거래될 전망,2024
2024-01-24,대구,중도매,"경남 산청,함안,진주,양산, 전남 담양지역에서 주로 반입됨",40000.0,36000.0,"산지 급격한 기온하락과 전남,북지역 폭설 영향으로 출하량이 감소하여 강보합세",향후에도 당분간은 추위와 강설에 따른 출하량 감소로 강보합세,2024
2024-02-01,대구,중도매,"경남 산청,함안,진주,양산, 전남 담양지역에서 주로 반입됨",35000.0,31000.0,"명절을 대비하여 산지 출하량은 다소 증가하나, 대부분의 거래가 선물용 사과,배 위주로 거래되어 약보합세",향후에는 명절 소비량 증가로 강보합세,2024
2024-02-01,대전,소매,"주로 대전, 충남 논산, 금산, 충북 음성, 전북 김제, 익산, 경남 하동, 진주, 산청 등에서 반입됨",,,2화방 물량 본격 출하 시작으로 시장 내 반입 물량이 증가하여 가격이 내림세로 거래됨,"향후 사과, 배 등 설 성수품 위주로 소비가 이루어지면서 딸기 소비는 다소 부진할 것으로 예상되므로 약보합세 전망",2024
2024-02-05,대구,중도매,"경남 산청, 함안, 진주, 양산, 전남 담양지역에서 주로 반입됨",36000.0,32000.0,"주말부터 계속되는 산지 우천, 눈으로 시장내 반입량 감소와 상품성 하락으로 강보합세",향후에는 명절 소비가 종료되면서 거래량 감소로 약보합세,2024
2024-02-08,대전,중도매,"주로 경남 하동, 진주, 산청, 전북 익산, 김제, 충남 금산 등에서 반입됨",,,설 명절 준비 막바지로 과일 선물 세트 등 수요량이 급등하여 가격이 오름세로 거래됨,향후 설 명절 후 물량이 증가하고 일시적인 소비 둔화가 예상되어 약보합세 전망,2024
2024-02-13,서울,중도매,"경남 산청ㆍ거창ㆍ진주ㆍ하동ㆍ함양, 전남 담양, 전북 남원ㆍ부안ㆍ익산ㆍ김제, 충남 논산ㆍ공주ㆍ예산ㆍ홍성 등지에서 반입됨",,,설 연휴가 지나면서 딸기에 대한 수요가 크게 감소하면서 가격은 내림세로 거래됨,향후 설 연휴 이후 기온상승에 따른 시설난방비 감소 및 출하량 증가로 내림세 예상됨,2024
2024-02-14,대전,소매,"주로 대전, 충남 금산, 논산, 계룡, 전북 익산, 김제, 경남 진주, 하동 등에서 반입됨",,,2화방 딸기가 본격적으로 출하되면서 반입 물량이 증가하여 가격이 내림세로 거래됨,향후에도 양호한 작황으로 다량 출하되며 시장 내 딸기 물량이 풍부할 것으로 예상되므로 약보합세 전망,2024
2024-02-15,부산,중도매,"경남 김해, 진주, 밀양, 전남 화순 지역에서 주 출하됨",29000.0,24000.0,"2화방 출하지역의 확대 등으로 많은 물량이 출하되고 있고, 설연휴 이후 소비는 부진하여 내림세에 거래됨",향후에도 출하량 증가와 소비부진으로 약보합세에 거래될 전망,2024
2024-02-15,광주,소매,"전남 담양, 장성, 강진, 전북 고창, 순창, 충남 논산 등지에서 반입됨",,,시장내 공급 물량은 안정적이나 소비자 수요가 감소하여 내림세에 거래됨,향후에도 소비 부진이 이어지며 약보합세 전망,2024
2024-02-16,부산,중도매,"경남 김해, 진주, 밀양, 전남 화순 지역에서 주 출하됨",27000.0,22000.0,"설연휴 이후 소비가 부진하고, 출하량은 증가하여 연일 내림세에 거래됨",향후에도 출하량 증가로 약보합세에 거래될 전망,2024
2024-02-16,대전,중도매,"주로 경남 하동, 진주, 충남 논산 등에서 반입됨",,,"금일 기온 상승으로 반입 물량은 증가하였으나, 명절 후 시장 내 거리가 한산하고 수요가 부진하여 가격이 내림세로 거래됨",향후 흐린 날씨 및 우천 예보 등 일기 불순으로 인한 산지 출하량 감소로 강보합세 전망,2024
2024-02-19,광주,중도매,전남 강진 등의 지역에서 주로 반입됨,24800.0,20500.0,금일 우천으로 인해 시장 내 유동인구가 감소하여 내림세에 거래됨.,당분간 소비자 수요 하락세가 지속될 것으로 예상되어 약보합세 전망.,2024
2024-02-19,대구,중도매,"경남 산청, 함안, 진주, 양산, 전남 담양지역에서 주로 반입됨",30000.0,26000.0,명절이후 과채류 소비량 감소와 금일은 대구지역 우천으로 시장내 거래가 부진하여 약보합세,향후에도 명절 소비 종료에 따른 거래량 감소로 약보합세,2024
2024-02-19,서울,중도매,"경남 산청ㆍ거창ㆍ진주ㆍ하동ㆍ함양, 전남 담양, 전북 남원ㆍ부안ㆍ익산ㆍ김제, 충남 논산ㆍ공주ㆍ예산ㆍ홍성 등지에서 반입됨",,,설 연휴가 지나면서 산지 출하물량은 증가된 반면 수요는 줄어 내림세,향후 기온상승에 따른 시설난방비 감소 및 출하량 증가로 내림세 예상됨,2024
2024-02-19,대전,소매,"주로 대전, 충남 금산, 논산, 계룡, 충북 영동, 전북 익산, 완주, 김제, 경남 진주, 하동 등에서 반입됨",,,"작황 양호한 2화방 딸기의 홍수 출하로 시장 내 물량은 풍부하나, 설 이후 소비 부진이 지속되면서 가격이 내림세로 거래됨",향후 우천이 계속되고 기온이 낮아질 것으로 예보되고 있어 산지 출하량이 감소할 것으로 예상되므로 강보합세 전망,2024
2024-02-20,대전,중도매,"주로 경남 진주, 하동, 충남 논산, 전북 익산 등에서 반입됨",,,전일부터 이어지는 우천으로 소비가 감소하여 가격이 내림세로 거래됨,향후 본격적인 2화방 출하로 시장 내 반입량 증가가 예상되어 약보합세 전망,2024
2024-02-20,부산,소매,"주로 경남 진주, 양산, 밀양, 김해 등에서 반입됨",2000.0,1800.0,"명절 이후 소비량 감소되었으나, 공급량은 증가하여 내림세에 거래됨",향후에도 충분한 공급이 지속될 것으로 예상되어 약보합세 전망,2024
2024-02-21,광주,소매,"전남 담양, 장성, 강진, 전북 고창, 순창 등에서 주로 반입됨",,,명절 이후 지속된 소비 위축으로 수요가 없어 내림세에 거래됨,향후에도 소비 부진이 계속되면서 당분간 가격은 약보합세 전망,2024
2024-02-22,서울,중도매,"경남 산청ㆍ거창ㆍ진주ㆍ하동ㆍ함양, 전남 담양, 전북 남원ㆍ부안ㆍ익산ㆍ김제, 충남 논산ㆍ공주ㆍ예산ㆍ홍성 등지에서 반입됨",,,주산지별로 출하물량은 큰 변동 없이 꾸준하나 수요 부진으로 소폭 내림세로 거래됨,향후 기온상승에 따른 생육호전으로 착과량이 좋아지면서 출하량 증가로 내림세 예상됨,2024
2024-02-26,대전,중도매,"주로 경남 하동, 진주, 충남 금산 등에서 반입됨",,,최근 일기 불순 및 명절 종료로 인해 부진했던 소비가 점차 회복되면서 가격이 오름세로 거래됨,향후 학교 급식 등으로 소비 증가가 예상되어 강보합세 전망,2024
2024-02-26,대전,소매,"주로 대전, 충남 논산, 금산, 충북 영동, 경남 진주, 하동, 의령, 전북 익산, 김제, 완주 등에서 반입됨",,,지난 주말까지 계속된 우천 영향으로 산지 출하량이 감소하여 가격이 오름세로 거래됨,향후에도 큰 일교차와 낮은 밤 기온으로 생육이 부진하고 생산량이 감소할 것으로 예상되므로 강보합세 전망,2024
2024-02-29,광주,중도매,"경남 거창, 전남 강진 등의 지역에서 주로 반입됨",28600.0,25300.0,"금일 우천으로 인해 시장 내 반입량이 감소하고, 보관성이 낮아 재고물량이 많지 않아 오름세에 거래됨.",향후 개학 시기로 인해 소비자 수요가 증가할 것으로 예상되어 강보합세 전망.,2024
2024-02-29,서울,중도매,"경남 산청ㆍ거창ㆍ진주ㆍ하동ㆍ함양, 전남 담양, 전북 남원ㆍ부안ㆍ익산ㆍ김제, 충남 논산ㆍ공주ㆍ예산ㆍ홍성 등지에서 반입됨",,,"출하물량은 일정하나, 연휴를 앞두고 나들이 등 수요가 증가하면서 가격은 오름세로 거래됨",향후 연휴 이후 일기회복에 따른 생육호전으로 산지 출하물량이 증가되어 약보합세가 예상됨,2024
2024-03-05,대전,중도매,"주로 경남 하동, 진주, 사천, 전북 익산 등에서 반입됨",,,"금일 우천으로 인해 반입량은 감소하였으나, 제철 과일인 참외, 오렌지 등으로 소비가 분산되어 가격이 내림세로 거래됨",향후 2화방에서 3~4화방으로 교체 시기로 인한 일시적인 반입량 감소가 예상되어 강보합세 전망,2024
2024-03-07,서울,중도매,"경남 산청ㆍ거창ㆍ진주ㆍ하동ㆍ함양, 전남 담양, 전북 남원ㆍ부안ㆍ익산ㆍ김제, 충남 논산ㆍ공주ㆍ예산ㆍ홍성 등지에서 반입됨",,,"반입물량은 큰 변동없이 꾸준하게 반입되고 있으나, 주말을 앞두고 거래처의 수요증가로 소폭 오름세 형성","향후 수요는 증가하겠으나, 기온상승 및 작황호전으로 출하물량도 늘어 보합세  예상됨",2024
2024-03-07,광주,소매,"전남 담양군, 장성군, 충남 논산시, 전북 익산시, 고창군 지역에서 주로 반입됨",20.0,,새학기를 맞아 수요가 증가하면서 오름세에 거래됨,향후에는 공급 물량 및 소비량이 비슷할 것으로 예상되어 보합세 전망,2024
2024-03-11,부산,소매,"주로 경남 진주, 밀양, 양산, 김해 등에서 반입됨",1850.0,1620.0,시장 반입량이 증가하여 내림세에 거래됨,향후에도 산지 출하량이 증가할 것으로 예상되어 약보합세 전망,2024
2024-03-13,광주,중도매,"경남 거창, 전남 담양, 강진 등의 지역에서 반입됨",25800.0,22600.0,제철이 지나면서 품위가 있는 상품의 반입량이 감소하여 오름세에 거래됨.,향후 전반적인 시장 내 반입량 감소가 지속될 것으로 예상되어 강보합세 전망.,2024
2024-03-13,서울,중도매,"경남 산청ㆍ거창ㆍ진주ㆍ하동ㆍ함양, 전남 담양, 전북 남원ㆍ부안ㆍ익산ㆍ김제, 충남 논산ㆍ공주ㆍ예산ㆍ홍성 등지에서 반입됨",,,산지 일조량 증가로 생육이 호전되고 중남부 지방의 출하물량도 증가되어 내림세로 거래됨,향후 중부지방 출하지역 확대 등으로 공급물량이 증가되어 약보합세 예상됨`,2024
2024-03-18,대전,중도매,"주로 경남 의령, 진주, 하동, 충남 논산, 금산, 전북 익산 등에서 반입됨",,,"제철 과일(참외, 오렌지 등)로 소비가 분산되면서 수요가 감소해 가격이 내림세로 거래됨",향후에도 수요 감소와 산지 기상 여건이 호전되면서 반입량 증가가 예상되어 약보합세 전망,2024
2024-03-18,광주,소매,"전남 담양군, 장성군, 충남 논산시, 전북 익산시, 고창군 지역에서 주로 반입됨",50.0,50.0,기상 여건 회복으로 시장내 반입량이 증가하면서 내림세에 거래됨,향후에도 시장 내 반입량은 풍부하나 소비 감소가 이어져 가격은 약보합세 전망,2024
2024-03-19,광주,중도매,"경남 의령, 거창, 전남 강진 등의 지역에서 반입됨",,,"제철이 지나면서, 참외 등 타 과일로 소비자 수요가 이동함에 따라 내림세에 거래됨.",향후에도 타 과일류로의 소비자 수요 이동과 전반적인 과일 고물가의 영향으로 인한 소비자 수요 감소가 지속될 것으로 예상되어 약보합세 전망.,2024
2024-03-20,부산,소매,"주로 경남 진주, 밀양, 양산, 김해 등에서 반입됨",1350.0,1150.0,기온이 온화해지면서 산지 출하량이 증가하여 내림세에 거래됨,향후에도 출하량 증가 및 소비 분산으로 인해 약보합세 전망,2024
2024-03-20,서울,중도매,"경남 산청ㆍ거창ㆍ진주ㆍ하동ㆍ함양, 전남 담양, 전북 남원ㆍ부안ㆍ익산ㆍ김제, 충남 논산ㆍ공주ㆍ예산ㆍ홍성 등지에서 반입됨",,,"출하물량은 일정하나, 수요가 하락하면서 가격 또한 하락세로 거래됨",향후 소비자 수요가 줄어 약보합세가 예상됨,2024
2024-03-21,대전,소매,"주로 대전, 충남 논산, 금산, 경남 하동, 진주, 사천, 전북 김제 등에서 반입됨",,,"최근 참외, 오렌지 등 다른 제철 과일류 반입이 늘면서 소비가 분산되어 가격이 내림세로 거래됨",향후 3~4화방 물량이 본격적으로 출하되며 출하량이 더욱 증가할 것으로 예상되므로 약보합세 전망,2024
2024-04-01,대전,소매,"주로 충남 금산, 논산, 계룡, 충북 영동, 경남 진주, 하동, 산청, 전북 익산, 김제 등에서 반입됨",,,봄 나들이철로 딸기 수요가 증가하고 거래가 활발하여 가격이 오름세로 거래됨,"향후 출하 물량에서 대과 비율이 줄고, 무름과 증가 등 상품성이 하락하며 상품 위주로 물량이 부족해질 것으로 예상되므로 강보합세 전망",2024
2024-04-03,대전,중도매,"주로 경남 사천, 진주, 하동, 충남 금산, 논산, 전북 김제 등에서 반입됨",,,"기온 상승으로 출하량이 증가하였고 참외, 오렌지 등 제철 과일 수요 증가 및 딸기 상품성 하락으로 수요가 감소하여 가격이 내림세로 거래됨",향후 딸기 무름과가 증가하고 상품성 하락 등으로 상품 물량이 감소할 것으로 예상되어 강보합세 전망,2024
2024-04-03,서울,중도매,"경남 산청ㆍ거창, 전남 담양, 전북 익산ㆍ김제, 충남 논산, 공주 등지에서 반입됨",,,"출하물량은 꾸준하나, 수입과일의 수요가 증가하여, 가격은 내림세로 거래됨","향후 일기회복에 따른 생육호전으로 산지 출하물량이 증가되지만, 무름 증상이 나타나 상품성이 떨어져 보합세가 예상됨",2024
2024-04-04,대전,소매,"주로 대전, 충남 부여, 계룡, 논산, 금산, 충북 영동, 경남 하동, 진주, 산청, 사천, 의령, 전북 익산, 김제 등에서 반입됨",,,최근 양호한 생육 상황으로 다양한 지역에서 꾸준한 출하가 이루어지면서 시장 내 물량이 풍부하여 가격이 내림세로 거래됨,"향후 참외, 오렌지 등 다른 제철 과일류 반입 증가로 소비 수요가 분산될 것으로 예상되므로 약보합세 전망",2024
2024-04-08,서울,중도매,"경남 산청ㆍ거창ㆍ함양, 전남 담양, 전북 익산ㆍ김제, 충남 논산ㆍ공주 등지에서 반입됨",,,"기온이 올라가 작황이 좋아져 출하량이 증가되었지만, 수요 감소에 따른 가격은 내림세로 거래됨",향후 일기회복에 따른 생육호전으로 산지 출하물량이 증가되어 약보합세가 예상됨,2024
2024-04-08,부산,소매,"주로 경남 진주, 김해, 양산, 밀양 등에서 반입됨",1210.0,1050.0,기온이 상승하면서 산지 출하량이 증가하여 내림세에 거래됨,향후에도 시장 반입량이 꾸준하고 다른 제철 과일로 수요가 분산될 것으로 예상되어 약보합세 전망,2024
2024-04-12,광주,소매,"전남 담양군, 장성군, 충남 논산시, 전북 익산시, 고창군 지역에서 주로 반입됨",,,최근 기온상승으로 인한 무름 증상 증가로 내림세에 거래됨,"향후 출하 물량 비율이 줄어들고, 소비 감소가 이어져 가격은 약보합세 전망",2024
2024-04-30,광주,소매,"전남 담양군, 장성군, 충남 논산시, 전북 익산시, 고창군 지역에서 주로 반입됨",,,시장 내 반입량은 증가하였으나 최근 높은 기온에 따른 품위 저하로 가격이 내림세에 거래됨,향후에도 딸기 무름 증상 증가와 상품성 하락 등으로 소비 부진이 예상되어 약보합세 전망,2024
2024-04-30,대전,중도매,"주로 논산, 금산, 진주에서 반입됨",,,봄딸기 출하량 확대에 따라 가격 하락세 보임,향후 작황 회복 및 출하 증가에 따라 약보합세 전망,2024
2024-05-03,부산,소매,"주로 경남 진주, 김해, 양산, 밀양 등에서 반입됨",1270.0,1050.0,기온 상승에 따른 상품성 하락으로 내림세에 거래됨,향후에도 품위 저하 등 소비자 수요 감소가 예상되어 약보합세 전망,2024
2024-05-07,대구,중도매,"주로 경남 진주, 김해, 양산, 밀양, 경북 합천지역에서 주로 반입됨",17000.0,14000.0,출하종료기에 따른 상품성 하락과 소비자들의 선호도 감소로 약보합세,향후에도 소비자 수요 감소로 약보합세 전망,2024
2024-05-08,서울,중도매,"경남 산청ㆍ거창ㆍ진주, 전남 담양, 전북 익산ㆍ김제, 충남 논산 등지에서 주로 반입됨",,,제철이 지나고 맛이 점점 떨어져 소비 수요 감소에 따라 가격은 하락세로 거래됨,향후 반입량과 소비 수요가 동시에 줄어들 것으로 보아 약보합세 전망,2024
2024-05-10,광주,소매,"전남 담양군, 장성군, 충남 논산시, 전북 익산시, 고창군 지역에서 주로 반입됨",,,"참외, 수박 등 대체 품목들의 반입 및 소비 증가로 딸기 소비가 부진하여 가격이 내림세로 거래됨",향후 출하 마무리 시기로 점차 반입 물량이 감소할 것으로 예상되므로 강보합세 전망,2024
2024-05-13,부산,소매,"주로 경남 진주, 김해, 양산, 밀양 등에서 반입됨",1170.0,950.0,상품성이 떨어지고 소비자 수요가 감소하여 내림세에 거래됨,향후에도 출하가 마무리 되면서 반입량이 줄어들 것으로 예상되어 약보합세 전망,2024
2024-11-08,대전,중도매,"충남, 전남 등지에서 출하 시작",,,첫 출하 시작으로 초기 물량은 미미한 편,초동물량으로 평시 시장가격과는 다소 유리되어 있으며 향후 출하대기물량 증가 시 가격 하락 전망됨,2024
2024-11-18,대전,소매,"충남 논산, 경남 함안, 진주 등지에서 주로 반입됨",,,"초기 물량 높은 가격대로 소매시장에 나온 물량은 많지 않으나, 주로 설향, 금실 품종 위주 판매중",출하물량 증가하기까지 강보합세 지속 예상됨,2024
2024-12-02,광주,소매,"전남 담양, 장성, 강진, 전북 고창, 순창, 충남 논산 등지에서 반입됨",,,"출하 초기로 높은 가격대를 형성하고 있으나, 점점 시장 내 반입량이 증가하면서 내림세에 거래됨",앞으로도 딸기 출하량이 증가할 것으로 예상되어 약보합세 전망,2024
2024-12-05,부산,중도매,"경남 밀양, 김해, 통영, 양산 지역에서 주 출하됨",46000.0,39000.0,"고가 형성 등으로 소비가 부진하고, 출하지역 확산으로 출하량은 증가하고 있어 내림세에 거래됨",향후에도 고가 형성 등으로 소비가 부진하여 약보합세에 거래될 전망,2024
2024-12-09,대전,소매,"주로 충남 논산, 계룡, 경남 함안, 진주, 하동 등지에서 반입됨",,,"금일 대전지역 소매시장 거래가격은 25,600원/kg 선에 거래되어 전주(3만/kg) 대비 14.6% 감소",,2024
2024-12-10,광주,소매,"전남 담양, 장성, 강진, 전북 고창, 순창, 충남 논산 등지에서 반입됨",,,정식 출하 이후 기상여건 악화로 부진했던 생육이 점차 호전되면서 시장 내 반입 물량 증가로 가격이 내림세에 거래됨,"향후에는 출하 물량은 꾸준하나, 다가온 연말 행사 등의 소비 증가가 예상되어 강보합세 전망",2024
2024-12-12,대전,중도매,"주로 금산, 대전, 하동 등에서 반입됨",,,"도매시장 반입량 변동 거의 없으나, 딸기 출하 시작 초반임에 따라 상품성이 좋아 가격은 높게 형성됨",향후 출하가 활발해지면 물량 증가 등에 따라 가격은 약세 전환 전망됨,2024
2024-12-12,광주,중도매,"전남 담양, 장성, 강진, 화순, 전북 고창, 순창, 충남 논산 지역에서 주로 반입됨",,,공급량은 점점 증가하고 있으나 연말을 맞아 베이커리류 소비 증가로 오름세에 거래됨,향후에도 공급은 안정적이겠으나 이달 말까지 연말 특수로 소비가 증가하면서 가격은 강보합세 전망,2024
2024-12-17,부산,중도매,"경남 산청, 진주, 밀양 등지에서 반입됨",,,생육 호전과 출하 지역의 확대로 반입량이 꾸준히 증가하고 있어 내림세에 거래됨,"향후 연말 제과용, 행사용 수요 증가로 강보합세 전망",2024
2024-12-18,대구,중도매,"경북 고령, 청도, 경남 합천, 밀양지역에서 주로 출하됨",38000.0,34000.0,"소비 비수기로 거래가 부진하고, 지난주부터 출하 지역이 확대되면서 시장 내 반입량 증가로 약보합세",향후에는 연말연시 각종 행사에 따른 소비 증가로 강보합세 전망,2024
2024-12-18,광주,소매,"전남 담양, 장성, 강진, 화순, 전북 고창, 순창, 충남 논산 지역에서 주로 반입됨",,,다가오는 크리스마스 연휴 및 연말 행사 등으로 인한 딸기 소비 증가로 가격이 오름세로 거래됨,향후에는 크리스마스 및 연말 행사 이후 소비수요 감소가 예상되어 약보합세 전망,2024
2024-12-23,대전,소매,"경남 하동, 충남 논산 등지에서 반입됨",,,주말 중부지방 폭설 및 한파 등 기상여건과 시장 반입물량 감소로 가격 오름추세,시장 반입 물량 지속되며 보합세 유지 전망됨,2024
2024-12-24,부산,소매,"경남 산청, 진주, 밀양 등지에서 반입됨",,,"크리스마스와 연말을 앞두고 제과용, 행사용 수요가 증가하면서 오름세",향후에도 연말 특수로 인한 공급 대비 수요 증가로 강보합세 전망,2024
2024-12-26,광주,중도매,"전남 담양, 장성, 강진, 화순, 전북 고창, 순창, 충남 논산 지역에서 주로 반입됨",,,성탄절 특수 이후 수요가 감소하면서 가격은 내림세로 거래됨,향후에도 공급 대비 높은 가격에 대한 부담으로 소비가 감소하면서 약보합세 전망,2024
2024-12-30,광주,소매,"전남 담양, 장성, 화순, 전북 고창, 순창, 충남 논산 지역에서 주로 반입됨",,,크리스마스 연휴가 끝난 이후로 이어진 시장 내 소비 둔화로 가격이 내림세에 거래됨,향후에도 고가 인식으로 인한 소비 위축이 예상되어 약보합세 전망,2024
2025-01-03,부산,소매,"경남 산청, 진주, 밀양 등지에서 반입됨",,,크리스마스 특수 이후 행사용 수요 감소와 고가로 인한 가정용 소비 부진으로 내림세,향후 출하지역의 확대로 반입량이 증가하면서 약보합세 전망,2025
2025-01-03,광주,소매,"전남 담양, 장성, 화순, 전북 고창, 순창, 충남 논산 지역에서 주로 반입됨",,,연말 각종 행사들이 마무리된 이후 급격한 수요 감소로 가격이 내림세로 거래됨,향후에는 보합세를 유지하다가 설연휴가 다가오면서 수요증가가 예상되어 강보합세 전망,2025
2025-01-06,대전,소매,"주로 경남 하동, 충남 논산, 금산 등지에서 반입됨",,,초기 출하 대비 생산량 안정세에 접어들며 가격 내림세에 거래됨,생산 및 출하지역 확대/ 안정권에 접어들어 향후 약보합세 전망됨,2025
2025-01-07,서울,중도매,"경남 산청ㆍ거창ㆍ함양, 전남 담양, 충남 논산ㆍ홍성 등지에서 반입됨",,,"성출하기로 인해 산지 출하가 확대되어 반입량이 크게 늘어났으며, 연말 케이크 등으로 몰렸던 수요가 점차 줄어짐에 따라 가격은 내림세에 거래됨",향후 반입량은 꾸준히 증가될 것으로 보아 약보합세 전망,2025
2025-01-08,대구,중도매,"경북 고령, 청도, 경남 합천, 밀양, 충남 논산지역에서 주로 출하됨",35000.0,31000.0,"출하지역이 충북,충남으로 확대되면서 시장내 물량 증가로 약보합세",향후에도 산지 기상호조에 따른 출하량 증가로 약보합세 전망,2025
2025-01-09,대구,중도매,"경북 고령, 경주, 경남 밀양, 진주, 함안, 충남 논산지역에서 주로 반입됨",34000.0,30000.0,"산지 출하지역 확대로 시장내 반입량이 증가하나, 대구지역 강추위로 소비는 한산하여 약보합세",향후에는 설명절 준비에 따른 소비량 증가로 강보합세 전망,2025
2025-01-13,부산,중도매,"경남 산청, 진주, 밀양 등지에서 반입됨",,,"성출하기를 맞아 산지 출하량이 증가하고 있으며, 강추위와 평년대비 고가로 인한 가정용 소비 부진으로 내림세",향후에도 출하지역의 확대로 반입량이 증가하면서 약보합세 전망,2025
2025-01-14,대구,중도매,"경북 청도, 경남 합천, 밀양, 충남 논산지역에서 주로 출하됨",33000.0,26000.0,"명절을 대비하여 산지 출하량은 다소 증가하는 추세이나, 아직은 소비가 한산하여 약보합세",향후에는 명절에 따른 소비량 증가로 강보합세 전망,2025
2025-01-23,부산,중도매,"경남 김해, 사천, 밀양, 진주 지역에서 주 출하됨",33000.0,26000.0,"설대목을 맞아 수요증가로 시중거래가 활발하나, 출하량이 큰 폭으로 증가하여 내림세에 거래됨",향후에도 출하량이 풍부하여 약보합세에 거래될 전망,2025
2025-02-03,대전,소매,"경남 진주, 충남 금산에서 주 반입됨",,,설 명절 이후 소비둔화로 내림세 거래,금주는 기온이 낮아진다는 예보에 따라 반입량은 감소될 것으로 예상되나 소비수요 감소 시기로 약보합세 전망,2025
2025-02-04,광주,소매,"전남 담양, 장성, 강진, 전북 고창, 순창, 충남 논산 등지에서 반입됨",,,시장내 공급 물량은 안정적이나 명절 이후 수요 감소로 내림세에 거래됨,향후에도 소비 부진이 계속되면서 당분간 가격은 약보합세 전망,2025
2025-02-05,부산,중도매,"경남 밀양, 진주 지역에서 주 출하됨",28000.0,22000.0,"설명절 이후와 강추위 등으로 소비가 부진하고, 출하량은 증가하고 있어 내림세에 거래됨",향후에도 출하량 증가와 소비 부진으로 약보합세에 거래될 전망,2025
2025-02-06,대전,중도매,"주로 금산, 대전, 진주, 익산 등에서 반입됨",,,금일 도매시장 반입량이 전일대비 증가하여 가격은 내림세에 거래됨,향후 겨울이 지나고 기후가 온화해지면서 수확량 증가에 따라 가격은 내림세 전망됨,2025
2025-02-07,부산,소매,"경남 산청, 진주, 밀양 등지에서 반입됨",,,"수확량 증가로 반입량이 풍부하나, 명절 이후 소비 둔화와 강추위로 거래가 부진하여 내림세",향후에도 출하대기물량이 풍부하여 약보합세 전망,2025
2025-02-12,부산,중도매,"경남 산청, 진주, 밀양, 충남 논산지역에서 주로 반입됨",1700.0,,"시장내 반입량은 별다른 변동이 없으나, 금일 부산지역은 우천 영향으로 시장내 거래가 감소하여 약보합세",당분간은 공급 및 소비의 변동 요인이 없어 보합세 전망,2025
2025-02-13,부산,소매,"경남 산청, 진주, 밀양, 충남 논산 등지에서 반입됨",1630.0,,"산지 출하량은 큰 변동이 없으나, 계속되는 부산지역 한파 영향으로 거래가 부진하여 약보합세",향후에도 산지 기상회복에 따른 생산량 증가로 약보합세 전망,2025
2025-02-18,광주,소매,"전남 담양, 장성, 강진, 전북 고창, 순창, 충남 논산 등지에서 반입됨",,,최근 맑은 날씨로 꾸준한 산지 출하가 이루어지면서 시장 내 물량이 풍부하여 가격이 내림세로 거래됨,향후 학교 개학에 따른 급식자재 소비가 증가할 것으로 예상되어 강보합세 전망,2025
2025-02-20,부산,중도매,경남 밀양 등지에서 주 출하됨,26000.0,20000.0,"수확주기 등으로 출하량이 증가하여 시중물량이 풍부하고, 강추위와 경기부진 등으로 소비는 부진하여 내림세에 거래됨","향후에도 출하량이 많고, 소비는 부진하여 약보합세에 거래될 전망",2025
2025-02-21,대전,중도매,"경남 진주,하동, 대전 유성,서구,대덕구, 충남 논산지역에서 주로 반입됨",,,전일 대비 도매시장 반입물량 큰폭으로 상승하여 내림세,기온 상승에 따른 영향으로 당분간 약보합세 전망,2025
2025-02-25,광주,소매,"전남 담양, 장성, 강진, 전북 고창, 순창, 충남 논산 등지에서 반입됨",,,시장 반입량이 꾸준히 증가하여 연일 내림세로 거래됨,향후에도 산지 출하량이 증가할 것으로 예상되어 약보합세 전망,2025
2025-02-25,대구,중도매,"경남 진주, 밀양, 충남 논산 등에서 반입됨",28000.0,,출하량 증가로 시장 내 물량은 풍부하나 소비 부진으로 가격 약보합세,당분간 소비 부진으로 약보합세에 거래될 전망,2025
2025-02-26,서울,중도매,"주로 거창, 사천, 고령 등지에서 반입됨",,,시장내 반입은 시설재배로 맛은 떨어지나 안정적 공급으로 가격은 보합세,향후 시설재배 특성상 안정된 공급과 일정한 소비로 인해 가격은 보합세 전망,2025
2025-02-26,부산,소매,"경남 밀양, 진주, 함안, 충남 논산지역에서 주로 출하됨",1530.0,1230.0,수확주기와 출하지역 확대 영향으로 시장내 반입량이 증가하여 약보합세,향후에도 산지 기온상승에 따른 출하량 증가로 약보합세에 거래될 전망,2025
2025-02-28,광주,소매,"전남 담양, 장성, 강진, 전북 고창, 순창, 충남 논산 등지에서 반입됨",,,"출하량은 꾸준하나, 소비둔화로 인한 재고 적체로 인한 품위 하락으로 내림세에 거래됨",향후에는 공급 물량 및 소비량이 비슷할 것으로 예상되어 보합세 전망,2025
2025-03-04,광주,중도매,"전남 담양, 장성, 충남 논산 등지에서 주로 반입됨",,,주산지와 근거리로 인한 지리적 이점으로 고품질의 딸기가 주로 반입됨에 따라 오름세에 거래됨,제철 과일 및 급식 수요량의 증가가 예상되어 강보합세 전망,2025
2025-03-05,대구,중도매,"경남 진주, 밀양, 충남 논산 등에서 반입됨",23000.0,,시장 내 반입량은 일정하나 소비 부진으로 가격 약보합세,향후 급식 수요 증가로 가격 강보합세 전망,2025
2025-03-05,대전,소매,"경남 하동, 경남 진주 등지에서 주 출하됨",,,대형마트 대폭 할인 행사 등의 영향으로 전통시장내 소비수요 감소로 내림세,수입과일 지속 반입 및 기온상승에 따라 약보합세 전망,2025
2025-03-06,부산,소매,"경남 밀양, 진주, 함안, 충남 논산지역에서 주로 출하됨",1360.0,1060.0,"수확주기와 출하지역 확대 영향으로 시장내 반입량이 증가하며 토마토, 참외등의 출하로 소비가 분산되어 약보합세",향후에도 산지 기온상승에 따른 생산량 증가로 약보합세에 거래될 전망,2025
2025-03-10,부산,소매,"경남 밀양, 진주, 함안, 충남 논산지역에서 주로 출하됨",1330.0,1030.0,주말 산지 출하대기 물량 반입과 최근 출하지역 확대 영향으로 반입량이 증가하여 약보합세,향후에도 산지 기상호조에 따른 출하량 증가로 약보합세에 거래될 전망,2025
2025-03-11,대전,중도매,"주로 진주, 하동, 산청, 대전, 논산 등에서 반입됨",,,딸기 출하가 활발히 일어나면서 도매시장 반입량이 증가 추세를 이어가며 가격은 소폭 내림세에 거래됨,향후에도 딸기 수확 본격화로 출하면적 및 출하량 증가가 예상되면서 가격은 약보합세 전망,2025
2025-03-12,서울,중도매,"주로 산청, 거창, 합천 등지에서 출하됨",,,기후가 온화해지며 상품이 무르고 맛이 떨어지면서 가격은 소폭 하락세,향후 꾸준한 수요가 있으나  품질 저하로 약보합세 전망,2025
2025-03-12,대전,중도매,주로 진주시에서 반입됨,,,"금일 도매시장 반입량은 전일보다 감소하였으나, 최근 활발한 반입증가에 따라 재고물량 판매 등으로 금일 가격은 내림세에 거래됨",향후에도 봄 까지는 작업량 증가 및 출하 증가로 인해 가격 약보합세 전망,2025
2025-03-13,부산,중도매,"경남 밀양, 김해, 창원 지역에서 주 출하됨",21000.0,16000.0,기온상승 등으로 생육이 활발하여 많은 물량이 출하되면서 시중 적체되어 내림세에 거래됨,향후에도 출하량 증가로 약보합세에 거래될 전망,2025
2025-03-14,대구,중도매,"경남 진주, 밀양, 충남 논산 등에서 반입됨",20000.0,,출하량 증가했으나 품위가 낮아 가격 내림세,향후에도 출하량 증가로 약보합세 전망,2025
2025-03-14,광주,소매,"전남 담양, 장성, 충남 논산 등지에서 주로 반입됨",,,제철이 지나감에 따른 품위저하와 참외 등 타 과일 반입으로 인한 소비 수요 감소로 내림세에 거래됨,향후에도 출하량 증가와 소비부진에 따른 약보합세 전망,2025
2025-03-17,부산,소매,"경남 밀양, 진주, 함안, 충남 논산지역에서 주로 출하됨",1260.0,980.0,"산지 기상회복으로 생산량이 증가하며, 출하지역도 확대되면서 반입량이 증가하여 약보합세",향후에도 산지 기상호조에 따른 생산량 증가로 약보합세에 거래될 전망,2025
2025-03-17,대전,소매,"충남 논산, 경남 진주, 충북 영동 등에서 반입됨",,,성출하기로 반입량 증가 및 당도가 점점 낮아짐에 따라 소비수요 감소,"소비심리 위축, 체리 등 열대과일 수입증가로 내림세 전망",2025
2025-03-20,광주,소매,"전남 담양군, 장성군, 충남 논산시, 전북 고창군 지역에서 주로 반입됨",1730.0,,기온이 온화해지면서 산지 출하량이 증가하여 시장 내 물량증가로 내림세에 거래됨,"향후 제철 지나가면서 시장 내 반입량이 감소하나, 소비 또한 감소할 것으로 예상되어 약보합세 전망",2025
2025-03-24,서울,중도매,"주로 거창, 산청, 진주 등 등지에서 반입됨",,,기온이 온화해지며 딸기가 물러져 품질하락으로 가격은 소폭 하락세,향후 계절변화로 품질저하가 있으나 꾸준한 소비수요로 가격은 보합세 전망,2025
2025-03-25,광주,소매,"전남 담양군, 장성군, 충남 논산시, 전북 고창군 지역에서 주로 반입됨",1620.0,,기온이 온화해지면서 산지 출하량이 증가하여 내림세에 거래됨,"향후 출하량은 다소 감소하겠으나, 제철과일류 소비수요 증가가 예상되어 약보합세 전망",2025
2025-03-26,대전,중도매,"주로 경남 진주, 사천에서 반입됨",,,"도매시장 반입량은 금일 감소하였으나, 최근 기온 상승에 따라 딸기 품질이 저하되어 가격은 약세로 거래됨",향후 봄철다가오면서 딸기 반입량 증가가 예상되어 가격은 약보합세 전망됨,2025
2025-03-26,대전,소매,"충남 논산, 금산 / 경남 사천, 진주, 하동 / 대전시 대덕구 등지에서 주 출하됨",10000.0,,"재배면적 증가, 기상 호조로 생육 회복 및 지연되었던 물량 출하로 내림세",당도가 점점 줄어들면서 소비자 선호도 감소하여 약보합세 전망,2025
2025-03-27,대구,중도매,"경남 진주, 밀양, 충남 논산 지역에서 주로 반입됨",19000.0,,온화한 기후로 시장 반입량 증가하며 내림세에 거래됨,향후에도 출하량 증가세 꾸준할 것으로 예상되어 약보합세 전망,2025
2025-04-01,광주,소매,"전남 담양군, 장성군, 충남 논산시, 전북 고창군 지역에서 주로 반입됨",1500.0,,"산지 출하량은 증가하나, 성출하 종료기가 다가옴에 따른 경도 저하 및 당도 저하로 내림세에 거래됨",향후에는 제철과일 소비로 인한 딸기 수요 감소가 예상되어 약보합세 전망,2025
2025-04-03,서울,중도매,"주로 산청, 거창, 합천 등지에서 반입됨",,,금일 시장 내 반입이 적고 마트 행사로 인한 수요가 많아 가격은 오름세,일시적인 수요 증가로 가격 상승세였으나 향후 일반적 수요 수준으로 돌아가면 가격 안정세 전망,2025
2025-04-04,대구,중도매,"경남 진주, 밀양, 충남 논산 등에서 반입됨",21000.0,,마트 행사로 인한 수요 증가로 가격 오름세,향후 산지 출하량 증가 및 제철과일로 소비 선호 이동하면서 가격 약보합세 전망,2025
2025-04-07,서울,중도매,"주로 산청, 거창, 합천 등지에서 반입됨",,,시장 내 주말 납품업체의 수요가 많았던 편으로 올랐던 가격에서 소폭 내림세,시설재배가 가능한 과실로 마트 할인 행사 등 특수상황을 제외하고는 보합세 전망,2025
2025-04-08,대전,소매,"전북 익산 / 경남 진주, 사천, 하동 / 충남 금산, 논산 , 계룡 등지에서 출하됨",,,"국내산 과일가격이 전반적으로 강세이며, 수요증가로 오름세",상춘객 증가 계절로 소비수요 늘어나는 한편 금주 비소식으로 시장 반입량 줄 것으로 예상되어 상승권내 등락 전망,2025
2025-04-09,대전,중도매,주로 경남 진주에서 반입됨,,,"도매시장 반입량이 전일대비 약간 늘었고, 최근 기온이 오르면서 딸기가 무르는 등 상품성이 떨어져 가격은 내림세에 거래됨",향후에도 기온이 오르고 딸기 출하가 지속되면서 가격은 약보합세가 전망됨,2025
2025-04-09,대구,중도매,"경남 진주, 밀양, 충남 논산 지역에서 반입됨",18000.0,,시장 반입량 증가했으나 품질이 낮아 가격 내림세,향후에도 산지 출하량 증가 및 제철과일 대체 수요 증가로 약보합세 전망,2025
2025-04-09,서울,중도매,"거창, 사천, 산청 등지에서 반입됨",,,온화한 날씨와 3화방 과실로 품질과 맛이 다소 떨어져 가격은 소폭 하락세,날씨가 따뜻해지면서 과실이 물러지는 등 품질이 떨어져 약보합세 전망,2025
2025-04-10,광주,중도매,"전남 장성군, 담양군, 함평군, 광주광역시 지역에서 반입됨",,14300.0,"기온 상승으로 인해 딸기의 경도 저하 등 품위저하, 소비수요 감소로 내림세",향후 기온상승에 따른 품질저하 및 다른 과일로의 수요분산으로 약보합세 전망,2025
2025-04-11,대전,소매,"경남 진주, 하동, 산청 / 충남 논산 / 대전시 대덕구 등지에서 출하됨",12700.0,,기온 상승에 따른 반입물량 26톤(설향)으로 전일대비 3톤 증가 출하되어 내림세,당도가 점점 낮아지며 수입 포도 소비수요 증가로 약보합세 전망,2025
2025-04-17,서울,중도매,"경상남도 산청, 합천, 경북 김천 등지에서 반입됨",,,"근래 과일품목이 다양하지 않은 가운데, 딸기의 선호가 증가하며 수요 확대와 함께 가격 소폭 상승",소비성향이 집중되는 시기에도 시설재배가 용이한 과실로 안정적인 공급이 가능하여 가격은 보합세 전망,2025
2025-04-17,광주,소매,"전남 담양군, 장성군, 충남 논산시, 전북 고창군 지역에서 주로 반입됨",1450.0,,"경도저하 및 당도저하로 인해 품위는 다소 떨어지나, 봄 나들이용 과일로 딸기 수요가 증가하면서 소폭 오름세로 거래됨","향후 출하 물량이 줄어들고, 기온상승에 따른 품위저하로 수요감소가 예상되어 약보합세 전망",2025
2025-04-18,대전,중도매,"주로 하동, 사천, 대전, 산청 등에서 반입됨",,,"기온이 오르면서 딸기 상품성이 떨어지고, 금일 도매시장 반입량이 늘면서 가격은 내림세에 거래됨",향후 반입량 증가 및 가격 약보합세가 전망됨,2025
2025-04-21,대전,소매,"경남 하동, 거창, 진주 / 충남 논산 등지에서 출하됨",14000.0,,상품성이 좋은 딸기는 주말 수요 소비물량 증가로 강보합세,당도는 점차 떨어지나 5월초 휴일을 이용한 소비증가 예상되어 당분간  보합세 전망,2025
2025-04-23,대구,중도매,"경남 진주, 밀양, 충남 논산 등에서 반입됨",15000.0,,반입량은 꾸준하나 상품성이 낮아 가격 하락세,향후에도 출하량 증가 및 제철과일 소비 증가로 약보합세 전망,2025
2025-04-23,광주,소매,"전남 담양군, 장성군, 충남 논산시, 전북 고창군 지역에서 주로 반입됨",1370.0,950.0,산지 출하 마무리 시기로 품위차이가 발생하며 상품은 오름세 중품은 내림세로 거래됨,"향후에는 산지 출하량이 감소하겠으나, 제철과일류 반입에 따른 소비부진으로 약보합세를 유지하다 반입이 종료될 것으로 전망",2025
2025-04-24,대전,중도매,"주로 하동, 논산, 사천, 대전 등에서 반입됨",,,딸기 성출하기가 끝나고 점차 수확 마무리 시기가 되면서 도매시장 반입량이 줄고 상품성도 3월말 대비 떨어지면서 가격은 내림세에 거래됨,향후에도 딸기 철이 끝나가고 따뜻해진 기온으로 딸기가 물러지면서 상품성 하락에 따라 가격은 약보합세 전망됨,2025
2025-04-28,서울,중도매,"주로 경상남도 산청, 거창 등지에서 반입됨",,,금일 시장 내 상품의 소비수요가 공급대비 많았던 편으로 가격 소폭 오름세,성출기 대비 공급량이 점차 감소하고 품질(맛) 또한 다소 저하되어 가격은 약보합세,2025
2025-04-29,서울,중도매,"경남 거창, 산청, 진주 등지에서 반입됨",,,최근 온화한 기후 영향으로 숙성도에 따른 품질 편차가 커지면서 상품 간의 가격차이 발생,기온 상승에 따른 품질 저하로 전반적인 약보합세,2025
2025-05-02,서울,중도매,"주로 경상남도 거창, 산청군 등지에서 반입됨",,,"계절적 요인, 소비선호도 감소 등의 영향으로 가격은 약보합세","기온 상승에 따라 신선도 및 품질이 점차 저하되면서, 대부분 마무리 단계",2025
2025-05-02,광주,소매,"전남 담양군, 장성군, 나주시, 충남 논산시, 전북 익산시, 고창군 지역에서 주로 반입됨",1270.0,920.0,기온 상승에 따른 활발한 생육으로 출하 종료기 막바지 물량공급이 연일 늘어나면서 가격이 내림세로 거래됨,향후에는 5월 연휴 종료와 함께 딸기 소비 또한 함께 줄어들것으로 예상되어 약보합세 전망,2025
2025-11-27,대전,소매,"주로 논산, 금산, 하동 등지에서 반입됨",,,시장 반입이 시작되었으나 가격이 높아 아직 수요는 많지 않은 편,시장 반입 물량이 많이 늘어나는 12월 초중반까지는 강보합세 유지 전망,2025
2025-12-01,대전,중도매,"주로 진주, 논산, 금산 등에서 반입됨",,,출하 초기로 가격이 높게 형성됨,출하 초기로 인해 당분간은 보합세 유지 전망,2025
2025-12-01,서울,중도매,"주로 경남 산청군, 거창군 등지에서 반입됨",,,출하 초기로 한정적인 공급량 대비 소비 수요가 많아 가격은 강세,향후 크리스마스 등 연말 특수로 제한적인 공급 대비하여 수요가 높아 가격은 강보합세 전망,2025
2025-12-04,광주,중도매,주로 전남 담양군·장성·나주에서 출하됨,45300.0,32000.0,출하초기로 가격대가 높게 형성되어 있긴 하나 물량이 점차 늘어나며 약보합세,물량이 점차 늘어나는 추세로 당분간은 약보합세 유지할 것으로 전망함,2025
2025-12-04,대전,소매,"주로 논산, 하동, 금산 등지에서 반입됨",,,고가의 가격에 한파로 인한 수요 부진으로 가격 내림세,당분간은 가격 및 소비가 주춤하다 기온 상승 시 다시 고가 형성 전망,2025
2025-12-08,서울,중도매,"주로 경남 산청, 거창군, 전남 담양군 등지에서 반입됨",,,주말 이후 누적된 소비 수요 대비하여 시장 내 공급이 많았던 편으로 가격 소폭 내림세,향후 출하가 본격화되는 시기이지만 연말 소비 증가로 가격은 강보합세를 보일 전망,2025
2025-12-09,부산,소매,"경남 진주, 창원, 함안지역에서 주로 반입됨",2420.0,,산지 출하량은 꾸준히 이어지나 추위 영향으로  소비가 감소하여 약보합세,향후에는 연말 가정내 소비 증가로 강보합세 전망,2025
2025-12-10,부산,중도매,"경남 밀양, 김해, 진주 지역에서 주 출하됨",38000.0,30000.0,타 과실류 소비 분산과 주중 납품용 수요 감소 등으로 시중 거래가 감소하여 내림세에 거래됨,향후에도 출하량이 풍부하여 약보합세에 거래될 전망,2025
2025-12-11,부산,중도매,"경남 밀양, 김해, 진주 지역에서 주 출하됨",36000.0,25000.0,타 과실류 수요분산으로 소비가 부진한 가운데 연일 많은 물량이 출하되어 내림세가 지속되고 있음,향후에도 출하량이 풍부하여 약보합세에 거래될 전망,2025
2025-12-11,서울,중도매,"주로 경남 거창, 산청군 등지에서 반입됨",,,토요일 시장 임시 휴업으로 소비 수요가 몰리면서 가격이 상승세,향후 임시휴업을 앞두고 소비 수요가 몰릴 것으로 예상되며 연말 효과까지 더해져 가격은 강보합세 전망,2025
2025-12-12,광주,소매,전남 담양·나주·장성·고흥 등지에서 주 출하됨,2750.0,,제철로 출하 물량이 점차 늘어나며 약보합세,향후에는 연말 가정 내 소비 증가로 강보합세 전망,2025
2025-12-15,대구,중도매,"경북 고령, 청도, 경남 합천, 밀양지역에서 주로 출하됨",34300.0,26300.0,주말 대기물량 반입되어 시장 내 반입량 증가로 약보합세,향후에는 연말연시 각종 행사에 따른 소비 증가로 강보합세 전망,2025
2025-12-16,부산,소매,"경남 진주, 창원, 함안지역에서 주로 반입됨",2270.0,,산지 출하량은 꾸준히 이어지나 고가 형성과 추위 영향으로 소비가 감소하여 약보합세,향후에는 연말연시 가정내 소비 증가로 강보합세 전망,2025
2025-12-18,대전,소매,대전지역 소매시장에는 논산딸기 위주 공급 물량이 많음,,,겨울~초봄 제철 과일 인식이 강해 딸기 수요 많음,최근 출하량 대비 수요량이 크므로 가격 소폭 상승세 전망,2025
2025-12-18,서울,중도매,"주로 경남 거창, 산청, 충북 논산시 등지에서 반입됨",,,공급량이 감소한 상황에서 차주 크리스마스를 앞둔 수요 증가로 가격은 상승세,크리스마스 케이크 데코용 수요 증가로 알이 작은 중품의 가격 상승폭이 클 것으로 전망,2025
2025-12-19,대구,소매,"경북 고령, 경남 합천, 밀양, 산청 지역에서 주로 출하됨",2800.0,2400.0,연말 소비량이 증가하여 가격 오름세,향후에도 연말연시 소비량 증가 추세로 가격 강보합세 전망,2025
2025-12-19,부산,소매,"경남 진주, 창원, 함안지역에서 주로 반입됨",2320.0,,연말로 가정내 소비는 다소 증가하나 주초부터 이어지는 경남지역 우천으로 반입량이 감소하여 강보합세,향후에도 연말연시 가정내 소비 증가로 강보합세 전망,2025
2025-12-19,대전,중도매,"하동, 금산, 대전에서 반입됨",,,출하 초기로 품위가 좋고 연말 행사 등으로 수요가 증가하여 가격은 약간 오름세를 보임,향후에도 연말까지 수요 유지에 따라 강보합세가 전망됨,2025
2025-12-22,대구,중도매,"경북 고령, 청도, 경남 합천, 밀양지역에서 주로 출하됨",39300.0,33600.0,크리스마스 수요 급증으로 가격 오름세,향후에도 크리스마스 전까지 가격 강보합세 유지 전망,2025
2025-12-22,서울,중도매,"주로 경남 거창군, 진주시, 전남 담양군 등지에서 반입됨",,38000.0,"크리스마스를 앞두고 수요 증가로 가격이 전반적으로 상승했으며, 케이크 데코용으로 사용되는 중품 가격 또한 상품과 유사한 수준",향후 크리스마스 전까지는 대목 영향으로 가격이 강보합세를 유지할 것으로 보이며 이후에는 점차 안정세로 전환될 전망,2025
2025-12-22,부산,소매,"경남 진주, 창원, 함안지역에서 주로 반입됨",2370.0,,금일부터 성탄절대비 가정내 소비량이 증가하여 강보합세,향후에도 연말연시 소비량 증가로 강보합세 전망,2025
2025-12-22,대전,소매,"충남 논산,금산, 대전 대덕구, 경남 하동,진주 등지에서 반입됨",2490.0,,경남 진주 등지에서의 반입물량이 증가되면서 보합거래,"연말 소비 수요증가는 예상되나, 추위로 인해 대형마트 장보기 선호로 보합세 전망",2025
2025-12-23,대전,중도매,"금산, 진주, 대전에서 반입됨",,,"출하 초기이고, 연말 모임 등으로 딸기 수요가 증가하면서 가격은 오름세를 보임",연말까지는 수요증가에 따른 가격 강보합세가 전망됨,2025
2025-12-23,광주,중도매,"전남 담양, 함평, 강진, 장성군 등지에서 주로 출하됨",48000.0,40000.0,제철맞아 꾸준히 출하량 늘어나고 있으나 연말 다가오며 수요 늘어나 가격 상승세,연말 수요 증가세로 1월 초까지는 가격 상승세 유지할 것으로 전망함,2025
2025-12-24,부산,중도매,"경남 진주, 창원, 함안지역에서 주로 반입됨",2400.0,,"최근 산지 일기불순으로 반입량은 다소 감소하나, 성탄절을 앞두고 가정내 소비는 증가하여 강보합세",향후에도 산지 추위에 따른 생산량 감소로 강보합세 전망,2025
2025-12-24,대구,중도매,"경북 고령, 청도, 경남 합천, 밀양지역에서 주로 출하됨",43300.0,32600.0,크리스마스 및 연말 수요 증가하며 가격 오름세,당분간 수요 증가 예상되어 가격 강보합세 전망,2025
2025-12-24,광주,소매,전남 담양·나주·장성 등지에서 주 출하됨,2850.0,2370.0,크리스마스 및 연말을 앞두고 수요가 증가하며 가격 오름세,향후에도 연말까지는 강보합세를 유지하다가 점차 안정세로 전환될 전망,2025
2025-12-26,서울,중도매,"주로 경남 거창군, 고성군 등지에서 반입됨",,38000.0,"크리스마스 수요로 강세를 보였던 중품 가격은 소폭 하락세이나, 전반적인 가격 수준은 여전히 높은 편",향후 연말 특수에 따른 수요로 당분간 가격은 강세를 유지할 것으로 보이며 이후에는 점차 안정세를 보일 것으로 전망,2025
2025-12-26,부산,소매,"경남 진주, 창원, 함안지역에서 주로 반입됨",2300.0,,금일 부산지역 강추위 영향으로 시장내 소비가 거의 없어 약보합세,향후에도 강추위에 따른 거래 부진으로 약보합세 전망,2025
2025-12-29,부산,소매,"경남 진주, 창원, 함안지역에서 주로 반입됨",2370.0,,지난주 경남지역 강추위 영향으로 산지 출하가 원활하지 못하여 반입량 감소로 강보합세,향후에는 산지 출하지역 확대에 따른 공급량 증가로 약보합세 전망,2025
2025-12-30,광주,소매,"전남 나주·담양, 전북 고창·순창 등지에서 주 출하됨",2870.0,2500.0,연말 케이크 등 디저트 수요 증가로 가격 오름세,향후 산지 추위에 따른 생산량 감소로 가격 강보합세 전망,2025
2026-01-05,대구,중도매,"경북 고령, 청도, 경남 합천, 밀양지역에서 주로 출하됨",34300.0,24000.0,연말 특수가 끝남에 따라 가격 내림세,향후 산지 출하량 증가 및 수요 안정세로 가격 약보합세 전망,2026
2026-01-05,서울,중도매,"주로 경남 거창군, 고성군 등지에서 반입됨",,27000.0,크리스마스 등 케이크 데코용으로 많이 사용되었든 중품이 안정세를 찾아가고 있으나 여전히 다소 비싸게 거래됨,연말 특수로 인하여 상승했던 가격이 점차 안정세를 찾아가고있으나 소비 수요가 여전히 높아 가격은 보합세 전망,2026
2026-01-07,광주,소매,"전남 장성·담양, 전북 고창 등지에서 주 출하됨",2850.0,2400.0,제철을 맞아 출하량 증가한 가운데 연말 특수가 지남에 따라 가격 소폭 내림세,향후에는 산지 출하량 증가로 약보합세 전망,2026
2026-01-08,부산,중도매,"경북 고령, 경주, 경남 밀양, 진주, 함안, 충남 논산지역에서 주로 반입됨",39600.0,33600.0,소비 비수기와 부산지역 강추위로 시장내 거래가 한산하여 약보합세,향후에도 산지 출하지역 확대에 따른 반입량 증가로 약보합세 전망,2026
2026-01-08,서울,중도매,"주로 경남 거창, 산청군, 전남 담양군 등지에서 반입됨",,,연말 이후 가격이 다소 하락했으나 소비 수요가 꾸준해 현재 가격은 일정 수준에서 유지,향후 당분간 제철 시즌이 이어지며 출하는 꾸준할 것으로 보이고 소비 수요도 양호해 가격은 전반적으로 보합세를 유지할 전망,2026
2026-01-12,광주,소매,전남 장성·나주·담양 등지에서 주 출하됨,2720.0,2270.0,"출하량 증가하며, 강추위로 시장 내 거래가 한산하여 가격 내림세",향후 2화방 출하가 본격적으로 시작되는 중순 이후부터 출하량과 가격 안정세 전망,2026
2026-01-13,부산,중도매,"경북 고령, 경주, 경남 밀양, 진주, 함안, 충남 논산지역에서 주로 반입됨",38600.0,32600.0,부산지역 강추위로 시장내 거래가 부진하며 대형수급처의 주문량 감소로 약보합세,향후에도 산지 기상회복에 따른 반입량 증가로 약보합세 전망,2026
2026-01-15,대전,중도매,"경남 진주, 하동, 충남 금산 등지에서 주로 반입됨",35000.0,,소비 성수기 및 제철 맞아 가격 오름세,꾸주한 소비 수요 및 반입 물량 유지되어 가격 보합세 전망,2026
2026-01-15,대전,소매,"주로 경남 진주시, 산청군, 하동군, 대전 서구, 유성구, 대덕구, 충남 금산군, 논산시에서 출하됨",,,산지 출하량은 일정하나 소비가 침체되어 가격은 약보합세 보임,당분간 물량은 안정적이나 소비 심리 위축의 영향으로 약보합세 전망,2026
2026-01-19,대구,중도매,"경북 고령, 청도, 경남 합천, 밀양, 충남 논산지역에서 주로 출하됨",30600.0,23300.0,"산지 출하량은 다소 증가하는 추세이나, 소비가 한산하여 가격 내림세",향후에는 명절에 따른 소비량 증가로 강보합세 전망,2026
2026-01-19,서울,중도매,"주로 경남 거창군, 산청군 등지에서 반입됨",,,지난 주말 소비 수요 증가로 토요일 일시적인 가격 상승이 있었으며 금일 수요가 다소 진정되며 소폭 하락세이나 전주 대비로는 가격이 상승한 수준,시설재배 중심의 생산으로 기후 영향은 크지않아 공급은 점차 확대될 전망이며 소비 수요에 따라 가격 변동은 있겠으나 전반적으로 안정세 전망,2026
2026-01-20,광주,소매,전남 장성·영광·담양 등지에서 주 출하됨,2450.0,2020.0,"산지 출하량은 증가하며, 시장 내 거래는 한산하여 가격 내림세",향후에도 산지 출하량 증가로 약보합세 전망,2026
2026-01-22,부산,중도매,"경남 밀양, 진주, 함안지역에서 주로 반입됨",35000.0,28600.0,계속되는 부산지역 강추위 영향으로 시장내 소비 부진과 거래량 급감으로 약보합세,향후에도 산지 출하지역 확대에 따른 반입량 증가로 약보합세 전망,2026
2026-01-22,서울,중도매,"주로 경남 거창, 산청군, 전남 담양군 등지에서 반입됨",,,"시설 재배로 안정적인 공급이 가능해 시장 내 물량이 풍부하며, 이로 인해 가격은 소폭 하락세","향후 당분간 출하가 많은 시기로, 시장 내 반입이 많고 소비 수요도 꾸준해 가격은 유지될 전망",2026
2026-01-28,대구,중도매,"경북 고령, 청도, 경남 합천, 밀양, 충남 논산지역에서 주로 출하됨",36000.0,27300.0,한파에 따른 반입량 감소로 가격 오름세,기온하락 지속으로 수요 대비 공급이 부족해지며 당분간 가격 강보합세 전망,2026
2026-01-28,서울,중도매,"주로 경남 거창, 산청군, 충남 공주시 등지에서 반입됨",,,"갑작스러운 기온 하강으로 전반적인 물량이 감소하면서, 기존 소비 수요를 충족하지 못해 가격은 오름세","기온 하강으로 출하 물량이 다소 줄어드는 흐름이 이어질 것으로 예상되며, 당분간 가격은 강보합세를 보일 전망",2026
2026-01-28,광주,소매,"주로 전남 장성·함평·담양군, 전북 완주시 등지에서 출하됨",2600.0,2200.0,"한파에 따른 출하작업 부진, 화방 교체기에 따른 일시적 물량 감소등으로 반입량 줄었으나 꾸준한 수요로 가격 오름세",2화방 수확 시작되며 출하량 점차 늘어날 것으로 예상되어 약세 전환 전망함,2026
2026-01-29,부산,중도매,"경남 밀양, 진주, 함안지역에서 주로 반입됨",36300.0,29600.0,산지 강추위에 따른 생육 저하와 생산량 감소로 강보합세,향후에는 기온상승과 산지 출하지역 확대에 따른 반입량 증가로 약보합세 전망,2026
2026-01-30,부산,소매,"경남 산청, 진주, 밀양 등지에서 반입됨",,,"성출하기를 맞아 산지 출하량이 증가하고 있으며, 설 명절이 다가옴에 따라 수요가 조금씩 늘고 있어 강보합세",향후 설 성수기에 따른 공급 및 수요 증가로 인해 강보합세 전망,2026
2026-02-06,서울,중도매,"주로 경남 거창군, 산청군, 전남 담양군 등지에서 반입됨",,,시장 내 공급이 풍부한 편으로 수급 여건이 완화되며 가격은 소폭 내림세,향후 당분간 시설재배 물량이 안정적으로 공급될 것으로 예상되어 가격은 보합세를 유지할 전망,2026
2026-02-09,부산,중도매,"경남 밀양, 진주, 함안지역에서 주로 반입됨",35300.0,28800.0,산지 출하 작업 증가와 주말 대기 물량 반입으로 시장내 반입량이 증가하여 약보합세,향후에도 산지 출하지역 확대에 따른 반입량 증가로 약보합세 전망,2026
2026-02-09,서울,중도매,"주로 경남 거창군, 산청군, 전남 담양군 등지에서 반입됨",,,금일 시장 내 반입 물량이 비교적 많아 가격이 소폭 하락세,"물량 출하가 많은 시기로 공급이 풍부하고 품질도 양호해, 가격은 보합 또는 약보합세를 보일 것으로 전망",2026
2026-02-09,대전,소매,"충남 논산시, 금산군, 경남 진주시, 하동군, 산청군, 대전 대덕구에서 반입됨",2140.0,,시장내 반입량은 안정적이나 수요가 감소되어 가격은 약보합세 보임,출하량 많은 시기로 설 성수기 영향으로 수요도 완화되며 가격은 약보합세 전망,2026
2026-02-09,광주,중도매,주로 전남 장성·담양 등지에서 반입됨,,36000.0,반입 물량 품질에 따라 가격 편차가 있는 편이며 금일 시장 가격은 소폭 내림세,향후 설 선물 등 수요가 있을 것으로 보이나 물량이 안정적으로 가격은 현 시세에서 보합세 유지할 전망,2026
2026-02-11,대전,소매,"주로 경남 진주시, 산청군, 하동군, 대전 서구, 유성구, 대덕구, 충남 금산군, 논산시에서 출하됨",1940.0,,경기침체로 인하여 수요가 줄어 가격은 내림세 보임,산지 출하량이 감소되고 소비도 줄어 가격은 보합세 전망,2026
2026-02-13,서울,중도매,"주로 경남 거창군, 산청군, 전남 담양군 등지에서 반입됨",,,"설 명절을 앞두고 소비 수요가 증가한 가운데, 공급 물량도 비교적 충분한 편이나 전반적으로는 소폭 오름세","설 명절 이후에는 소비 수요가 다소 감소할 것으로 보이며, 출하 물량이 늘어나는 시기와 맞물려 가격은 약보합세를 보일 것으로 전망",2026
2026-02-13,대전,소매,"주로 경남 진주시, 산청군, 하동군, 대전 서구, 유성구, 대덕구, 충남 금산군, 논산시에서 출하됨",2140.0,,"시장 반입량은 안정적이나, 설 성수기 영향으로 수요가 늘어 다시 오름세로 전환",설 성수기 이후에는 소비도 줄어 가격은 약보합세 전망,2026
2026-02-19,부산,소매,"경남 산청, 진주, 밀양, 충남 논산 등지에서 반입됨",,,"산지 출하량은 큰 변동이 없으나, 명절 이후 소비 둔화로 약보합세",절기상 우수를 지나면서 출하량이 증가함에 따라 내림세 전망,2026
2026-02-20,부산,중도매,"경남 밀양, 진주, 함안지역에서 주로 반입됨",35300.0,28800.0,금일 도매시장 휴무로 시장내 거래가 없으며 반입량도 전무함,향후에는 기온상승에 따른 산지 출하지역 확대로 약보합세 전망,2026
2026-02-20,서울,중도매,"주로 경남 거창군, 산청군, 전남 담양군 등지에서 반입됨",,,설 명절 시장 휴무로 인해 3일간 누적된 물량이 한꺼번에 반입되면서 가격이 일시적으로 큰 폭의 하락세를 보임,"향후 시장 영업 재개로 공급이 점차 정상화될 것으로 보이며, 일시적인 공급 과잉으로 인한 하락세는 차주 들어 점차 안정세를 찾을 전망",2026
2026-02-20,대구,소매,"경북 고령, 청도, 경남 합천, 밀양, 충남 논산지역에서 주로 출하됨",2060.0,,시장 내 소비 둔화로 가격 내림세,당분간 특별한 소비 요인이 없을것으로 예상되어 보합세 전망,2026
2026-02-23,대전,소매,"주로 경남 하동군, 진주시, 산청군, 의령군, 충남 금산군, 논산시, 대전 서구, 대덕구, 유성구에서 반입됨",1290.0,,반입량 증가 및 수요 감소로 가격은 내림세 보임,당분간 경기침체로 소비가 줄어 가격은 약보합세 전망,2026
2026-02-23,광주,중도매,"전남 담양·장성·나주·강진, 전북 고창, 광주광역시에서 주로 반입됨",29300.0,26000.0,명절이후 소비 감소 및 반입물량 증가로 내림세,향후 공급은 안정적이나 소비 감소로 약보합세 전망,2026
2026-02-23,부산,중도매,"경남 밀양, 진주, 함안지역에서 주로 반입됨",28000.0,22000.0,명절이후 소비 감소와 거래량 감소로 약보합세,향후에도 명절직후 소비 심리 위축으로 약보합세 전망,2026
2026-02-23,광주,소매,"전남 담양·장성·나주·강진, 전북 고창, 광주광역시에서 주로 반입됨",1930.0,1600.0,일조량 증가 및 상승한 기온으로 생산량이 증가하며 내림세,향후 공급물량 대비 소비량의 감소로 약보합세 전망,2026
2026-02-23,대구,중도매,"경북 고령, 청도, 경남 합천, 밀양, 충남 논산지역에서 주로 출하됨",23600.0,17300.0,반입량 증가 및 명절 이후 수요 감소 영향으로 가격 내림세,향후에도 공급량 대비 수요 부진으로 가격 약보합세 전망,2026
2026-02-26,서울,중도매,"주로 경남 거창군, 산청군, 전남 담양군 등지에서 반입됨",,,"날이 따뜻해지면서 출하량이 증가하고, 시장 내 공급이 확대됨에 따라 가격은 내림세","향후 소비 수요 또한 활발할 것으로 보이나, 본격적인 출하 시기에 접어들고 공급 물량이 충분해져 가격은 전반적으로 보합세 전망",2026
2026-02-27,대구,중도매,"경북 고령, 청도, 경남 합천, 밀양, 충남 논산지역에서 주로 출하됨",17300.0,13000.0,반입량 대비 소비 부진으로 가격 내림세,향후에도 공급량 증가 예상되어 가격 약보합세 전망,2026
2026-02-27,광주,소매,"전남 담양, 장성, 화순, 전북 고창, 순창, 충남 논산 지역에서 주로 반입됨",1420.0,1050.0,시장내 공급량에 비해 소비량이 크게 늘지 않아 가격은 내림세,향후에도 시장 내 반입량이 안정적일 것으로 예상되어 가격은 약보합세 전망,2026
2026-03-03,서울,중도매,"주로 경남 거창군, 산청군, 전남 담양군 등지에서 반입됨",,,금일 시장 내 반입량이 늘어난 가운데 거래 또한 한산한 편으로 가격은 하락세,향후 제철 시기로 접어들며 출하량이 점차 늘어날 것으로 보여 가격은 약보합세 전망,2026
2026-03-03,대구,소매,"경북 고령, 청도, 밀양, 논산지역에서 주로 출하됨",1930.0,1500.0,반입량 대비 수요가 부진하여 가격 내림세,향후에도 시장내 반입량과 수요가 일정할 것으로 예상되어 약보합세 전망,2026
2026-03-06,서울,중도매,"주로 경남 거창군, 산청군, 전남 담양군 등지에서 반입됨",,,성출기로 공급이 늘어나며 하락했던 가격이 내일 시장 임시휴업에 따른 수요 증가로 소폭 오름세,"향후 임시휴업에 따른 누적 수요로 일시적인 가격 상승이 예상되나, 출하 물량이 많은 시기여서 가격은 안정세 전환 전망",2026
2026-03-06,대전,중도매,"충남 금산, 논산, 대전광역시 등지에서 반입됨",18000.0,,시장 내 반입 물량 증가하여 금주 내 가격 내림세,향후 시장 내 반입 물량이 안정적일 것으로 예상되어 가격 내린 상태에서 보합세 전망,2026
2026-03-09,대구,소매,"경북 고령, 청도, 밀양, 논산지역에서 주로 출하됨",1800.0,,시장 내 수요가 감소하여 가격 내림세,향후에도 경기 침체로 수요가 감소할 것으로 예상되어 약보합세 전망,2026
2026-03-10,부산,중도매,"경북 고령, 합천, 경남 진주, 함안지역에서 주로 출하됨",19300.0,15300.0,"출하 성수기로 시장내 반입량은 증가하나, 소비 비수기로 거래는 다소 부진하여 약보합세",향후에도 출하지역 확대에 따른 생산량 증가로 약보합세 전망,2026
2026-03-11,광주,중도매,"전남 함평·강진·나주·장성·담양·무안, 전북 고창에서 주로 출하됨",31000.0,24600.0,딸기 생육 지연으로 금일 반입 물량 감소에 따라 가격 오름세,"디저트, 카페, 가정소비 등 소비 수요 꾸준히 유지되고 있으며 출하량에 따라 가격 변동이 있을 것으로 예상됨",2026
2026-03-11,부산,중도매,"경북 고령, 합천, 경남 진주, 함안지역에서 주로 출하됨",19000.0,15000.0,"출하 성수기로 시장내 반입량은 꾸준히 증가하나, 소비는 다소 부진하여 약보합세",향후에도 출하지역 확대에 따른 출하량 증가로 약보합세 전망,2026
2026-03-12,대구,소매,"경북 고령, 청도, 밀양, 논산 지역에서 주로 출하됨",1660.0,1400.0,"시장 내 수요가 감소하여, 상품이 적체되고 품질이 낮아져 가격 내림세","향후에도 출하량이 증가되고, 수요는 감소할 것으로 예상되어 약보합세 전망",2026
2026-03-13,광주,소매,"전남 담양, 장성, 화순, 전북 고창, 순창, 충남 논산 지역에서 주로 반입됨",1400.0,1150.0,겨울철에 비해 당도가 낮아지면서 소비 감소로 가격은 내림세,향후에도 공급 안정이 계속 이어져 약보합세 전망,2026
2026-03-13,서울,중도매,"주로 경남 거창군, 산청군, 전남 담양군 등지에서 반입됨",,,주말을 앞두고 소비 수요가 점차 늘어나며 시장 내 거래가 다소 활발한 모습을 보이면서 가격은 전반적으로 소폭 오름세,"향후 주말 이후 누적 수요로 가격이 일시적으로 소폭 오를 수 있으나, 공급량이 많은 시기로 전반적인 시세는 약보합세 유지 전망",2026
2026-03-20,대전,소매,"주로 충남 논산시, 경남 진주시, 산청군, 의령군, 하동군, 전북 익산시, 대전 대덕구 등지에서 출하됨",1140.0,,시장내 반입량은 꾸준하지만 품위 저하와 소비 심리가 침체되어 가격은 내림세 보임,당분간 경기 침체로 인하여 수요가 적어 가격은 약보합세 전망,2026
2026-03-24,대구,소매,"경북 고령, 청도, 밀양, 논산 지역에서 주로 출하됨",1600.0,,당도가 낮아짐에 따라 품질 저하로 소비 수요가 감소하여 가격 내림세,향후에도 품질 저하로 수요가 감소하여 약보합세 전망,2026
2026-03-26,대구,소매,"경북 고령, 청도, 밀양, 논산 지역에서 주로 출하됨",1530.0,,당도가 낮아짐에 따라 수요가 감소하여 가격 내림세,향후에도 수요가 감소하여 약보합세 전망,2026
2026-03-27,서울,중도매,"주로 경남 거창군, 산청군, 전남 담양군 등지에서 반입됨",,,출하가 많은 시기로 시장 내 반입량이 증가하며 가격은 약세를 보임,"향후 공급 물량이 지속적으로 많을 것으로 예상되며, 당도 등 품질 저하도 함께 진행되어 가격은 약보합세를 보일 전망",2026
2026-03-30,광주,소매,"전남 담양, 장성, 화순, 전북 고창, 충남 논산 지역에서 주로 반입됨",1500.0,1070.0,시장에 공급되는 양에 변동은 없으나 소비가 줄어 가격은 내림세,향후에도 과채류 소비가 비슷한 수준을 유지할 것으로 보여 보합세 전망,2026
2026-04-01,대전,소매,"주로 경남 진주시, 하동군, 산청군, 대전 서구, 대덕구, 충남 금산군, 부여군, 논산시, 계룡시, 전북 익산시, 김제시에서 반입됨",949.0,,산지 생산량이 풍부한 시기이며 상회 내 반입량이 증가하여 가격은 소폭 내림세 보임,당분간 시장 내 물량이 풍부하여 약보합세 전망,2026
2026-04-01,대구,소매,"경북 고령, 청도, 밀양, 논산 지역에서 주로 출하됨",1530.0,1400.0,수요와 공급이 일정한 수준으로 가격 보합세 유지,"향후, 경기침체로 시장 내 수요가 감소하여 약보합세 전망",2026
2026-04-01,대구,중도매,"경북 고령, 청도, 경남 합천, 밀양, 충남 논산지역에서 주로 출하됨",14600.0,10000.0,산지 출하량은 풍부하나 당도 저하 등으로 수요 감소하며 가격 내림세,향후에도 시장 반입량 증가 및 제철 과일로 소비 분산되며 가격 약보합세 전망,2026
2026-04-02,서울,중도매,"주로 경남 거창군, 산청군, 전남 담양군 등지에서 반입",,,"수요 대비 공급이 다소 많은 가운데, 당도 등 품질 편차가 나타나며 가격은 하락세","향후에도 일정 수준의 공급이 지속될 것으로 보여, 가격은 당분간 약보합세를 보일 전망",2026
2026-04-03,광주,소매,"전남 담양, 장성, 화순, 전북 고창 지역에서 주로 반입됨",1300.0,1000.0,제철이 지남에 따라 크기가 작고 당도가 낮아져 가격은 내림세,당분간은 공급 및 소비에서 비슷한 수준을 유지할 것으로 예상하여 보합세 전망,2026
2026-04-03,대구,소매,"경북 고령, 청도, 밀양, 논산 지역에서 주로 출하됨",1400.0,,"제철 시기가 지나감에 따라 당도가 낮아지면서, 수요가 감소하여 가격 내림세","향후, 수요가 감소하여 약보합세 전망",2026
2026-04-07,서울,중도매,"주로 경남 거창군, 산청군, 전남 담양군 등지에서 반입됨",,,"전반적인 품질이 저하되는 흐름을 보이며, 시장 내 가격은 소폭 하락세","향후 품질 저하가 지속되면서 생과 소비보다는 잼용 및 하절기 대비 냉동용 수요가 증가할 것으로 예상되며, 가격은 약보합세 전망",2026
2026-04-09,대구,중도매,"경북 고령, 청도, 경남 합천, 밀양, 충남 논산 지역에서 주로 출하됨",13000.0,9330.0,제철이 지나며 상품성 저하 및 수요 감소로 가격 내림세에 거래됨,향후에도 기온상승에 따른 다른 과일로의 수요 분산으로 가격 약보합세 전망,2026
2026-04-10,대구,소매,"경북 고령, 청도, 밀양, 논산 지역에서 주로 출하됨",1330.0,,제철 시기가 지나며 상품의 품위가 낮아지면서 수요가 감소하여 가격 내림세,당분간 비슷한 소비 수요가 유지될 것으로 약보합세 전망,2026
2026-04-14,광주,소매,"전남 담양, 장성, 화순, 전북 고창 지역에서 주로 반입됨",1270.0,950.0,출하량이 줄었으나 수요 또한 많지 않아 가격은 내림세,향후에도 공급량 및 소비량 감소로 보합세를 유지할 전망,2026
2026-04-15,서울,중도매,"주로 거창군, 산청군, 담양군 등지에서 반입됨",,,시장 내 소비 수요가 일시적으로 증가하며 상승했던 가격은 최근 다시 하락세로 전환됨,"향후 저장기간 경과에 따라 품질 편차가 확대될 것으로 보이며, 이에 따른 가격 편차도 예상되나 전반적인 시세는 약보합세 전망됨",2026
2026-04-17,대구,소매,"경북 고령, 청도, 밀양, 논산 지역에서 주로 출하됨",1260.0,,상품의 품질이 낮아지면서 수요가 감소하여 가격 내림세,당분간 소비가 크게 증가하지 않을 것으로 약보합세 전망,2026
2026-04-17,부산,소매,"경남 진주, 함안 충남 논산 지역에서 주로 출하됨",16000.0,11000.0,"출하 종료기가 다가오면서 시장 내 거래량 감소와 제철 과일류(참외,토마토 등) 선호도 증가로 약보합세",향후에도 생산 종료에 따른 소비량 감소로 약보합세 전망,2026
2026-04-27,서울,중도매,"주로 경남 거창군, 산청군 등지에서 반입됨",,,"시장 내 반입은 비교적 안정적으로 이어지고 있으나, 주요 소비 시기가 지나며 가격은 소폭 내림세를 보임","향후 반입은 일정 수준을 유지할 것으로 보이나, 소비 수요 감소와 품질 편차 영향으로 가격은 약보합세 전망",2026
2026-04-29,대구,소매,"경북 고령, 청도, 밀양, 논산 지역에서 주로 출하됨",1130.0,,제철 시기가 지나면서 수요가 감소하여 가격 내림세,"향후, 제철 과일류의 소비가 증가하여 약보합세 전망",2026
