지점,지점명,일시,평균기온(°C),최저기온(°C),최고기온(°C),일강수량(mm),평균 풍속(m/s),평균 이슬점온도(°C),평균 현지기압(hPa),가조시간(hr),평균 전운량(1/10),평균 지면온도(°C)
129,서산,2024-06-01,18.6,15.1,23.6,,3,11.9,1008.7,14.5,3.3,25
129,서산,2024-06-02,19.3,12,25.4,,1.8,11.1,1007.9,14.5,1.5,25.5
129,서산,2024-06-03,20.4,13.3,26.9,,1.5,11.7,1007.8,14.6,0,26.6
129,서산,2024-06-04,21,15.5,27.3,,1.7,13.2,1012.9,14.6,.1,27
129,서산,2024-06-05,20.7,14.9,27.1,,1.5,14.1,1015.4,14.6,6.3,27.1
129,서산,2024-06-06,21.4,16.5,28.4,,1.4,13.5,1013.9,14.6,4.8,27.5
129,서산,2024-06-07,21.2,15.6,26.6,.2,1.3,13.6,1010.9,14.6,8.3,25.6
129,서산,2024-06-08,20.2,17.3,24.6,5.2,1.8,17.4,1006.3,14.6,7.4,23.8
129,서산,2024-06-09,22.1,17.1,27.2,,1.6,16.9,1005.5,14.6,3.3,27.4
129,서산,2024-06-10,22.5,18.4,28,,3.2,18,1004.9,14.6,.3,27.1
129,서산,2024-06-11,22.1,18.9,27.7,,2.7,18.1,1004.8,14.6,3.5,27.7
129,서산,2024-06-12,22.3,16.2,31,,1.7,16.4,1003.3,14.7,2.6,29.2
129,서산,2024-06-13,23.8,18,30.8,,1.4,15.7,1002.3,14.7,2.3,30.5
129,서산,2024-06-14,24.1,18.3,31,,1.8,17.3,1002.8,14.7,5,30.4
129,서산,2024-06-15,23.4,20.1,26.9,0,1.7,18.9,1001.5,14.7,7,29.6
129,서산,2024-06-16,22.9,17,28.4,,1.9,15.6,1004.4,14.7,2.1,30
129,서산,2024-06-17,22.6,16.1,29.3,,1.6,13.8,1005.4,14.7,4.9,28.9
129,서산,2024-06-18,23.1,16.3,29.6,,1.9,18,1004.8,14.7,0,30.3
129,서산,2024-06-19,26.4,18.6,35.2,,1.5,17.9,1005.5,14.7,3.1,31.9
129,서산,2024-06-20,25.8,20.1,32.3,,1.4,16,1001.7,14.7,4.3,31.6
129,서산,2024-06-21,25.2,18.3,30.4,,1.6,17,1000,14.7,6.5,31.6
129,서산,2024-06-22,22.9,22,24,61.6,1.9,21.5,995.1,14.7,9.6,24.5
129,서산,2024-06-23,24,21.5,28.4,3.1,2.5,21.4,996.5,14.7,8.3,27.2
129,서산,2024-06-24,23.4,19.2,27.7,,2.8,18.4,1001.6,14.7,5.5,27.7
129,서산,2024-06-25,21.9,16.4,27.5,,1.9,16.5,1008.7,14.7,4.9,26.5
129,서산,2024-06-26,23.3,16.9,29.3,,1.5,16,1012.3,14.7,1.9,27.7
129,서산,2024-06-27,23.6,17.4,29.2,,1.3,16.3,1008.9,14.7,4.3,25.9
129,서산,2024-06-28,24.1,18,30.9,,1.4,17.2,1005,14.7,1.4,27.6
129,서산,2024-06-29,24.8,20.7,30.3,34.6,2.3,20.6,1000,14.7,7.9,26.8
129,서산,2024-06-30,23.9,22.1,27.2,15.7,3.8,21.6,996.1,14.7,8.1,25.9
129,서산,2024-07-01,24.9,21,29.5,,1.2,20.8,1001.4,14.6,2.5,27.8
129,서산,2024-07-02,24.2,21,27.7,51.2,3.2,22,1000.4,14.6,10,24.4
129,서산,2024-07-03,24.7,23.2,26.9,,3.7,22.1,1006.1,14.6,8.3,25.9
129,서산,2024-07-04,25.5,22.9,29.2,7.6,3.7,22.3,1004.1,14.6,6.1,27.8
129,서산,2024-07-05,23.9,21.2,26.9,0,3.1,20.5,1002.6,14.6,7,28.1
129,서산,2024-07-06,25.2,21.8,28.2,5.7,4.1,22.8,1000.8,14.6,9.4,27.2
129,서산,2024-07-07,23.5,21.6,25.1,16.6,1.9,22.5,1002,14.6,10,24.3
129,서산,2024-07-08,23.6,22.8,25.1,123.4,2.4,22.8,1000.5,14.6,9.9,24.3
129,서산,2024-07-09,23.5,22.8,24.5,16.6,1.5,22.5,1001.1,14.5,10,24.3
129,서산,2024-07-10,25.6,21.5,31.3,58.6,2.4,21,997.5,14.5,4.6,29.6
129,서산,2024-07-11,23.5,21,27.8,,1.6,20.9,1000,14.5,4.6,26.9
129,서산,2024-07-12,24.3,19.9,29.7,,1.1,20.9,1000.3,14.5,3.3,27
129,서산,2024-07-13,25.6,22,30,,1.3,22,1002.9,14.5,4,28.8
129,서산,2024-07-14,26.5,23.2,31.8,4.8,1.9,22.5,1006.1,14.5,7,30.8
129,서산,2024-07-15,26.5,23.7,30.7,7.5,1.7,22.9,1008.4,14.4,5.3,29.3
129,서산,2024-07-16,25.1,23,27.9,43.6,2.1,23.3,1007.3,14.4,8.1,27
129,서산,2024-07-17,26.5,23,28.4,4.5,4.6,24.7,1005.2,14.4,9.5,26.6
129,서산,2024-07-18,25,23.2,27,153,4.3,23.9,999.7,14.4,9.5,25
129,서산,2024-07-19,25.4,24.2,28.7,.1,2.4,23.7,1003.2,14.4,6.1,28.1
129,서산,2024-07-20,26.1,23.4,30.9,22.7,3.8,23.6,1003.6,14.3,8.8,27.1
129,서산,2024-07-21,26.2,24.4,28.8,0,3.7,24.5,1005.1,14.3,6.8,26.9
129,서산,2024-07-22,27.2,25.9,28.8,6.1,4.6,25.1,1003.3,14.3,8.8,27
129,서산,2024-07-23,26,24.8,27,33,4,25.1,1002.1,14.3,8.6,26.1
129,서산,2024-07-24,27.8,26.1,30.9,1.1,2.8,26.1,1002.1,14.2,4.5,28.7
129,서산,2024-07-25,29,25.2,34,,1.5,25,1003.5,14.2,6.4,30.3
129,서산,2024-07-26,29,26,33.7,0,2.4,24.7,1006.8,14.2,8.6,29.5
129,서산,2024-07-27,29.6,26.3,32.5,0,2.7,25.3,1011.2,14.2,8.3,30.8
129,서산,2024-07-28,28.9,27.1,31.5,,4.3,24.5,1010.1,14.1,7.3,29.7
129,서산,2024-07-29,27.4,26.4,28.7,,3.8,25,1007.2,14.1,5.1,28.1
129,서산,2024-07-30,27.6,26.2,30.1,,3,25,1005.2,14.1,3.4,29.1
129,서산,2024-07-31,28.6,26.3,31.7,,3.2,25,1004.1,14,1,31.6
129,서산,2024-08-01,28.8,26.9,31.7,,2.9,25.7,1002.2,14,3.8,31.3
129,서산,2024-08-02,29,27.1,32.2,,2.7,26.2,1002.1,14,4.3,30.2
129,서산,2024-08-03,29.7,26.1,34.8,,1.2,25.1,1005,14,2.5,31.3
129,서산,2024-08-04,29.8,24.7,35.3,,1.2,24.5,1005.2,13.9,1,32.5
129,서산,2024-08-05,29.6,26.3,34.5,0,1.6,25.5,1005,13.9,6.1,32.7
129,서산,2024-08-06,28.1,23.6,32.1,19.8,1.2,24.4,1005.1,13.9,6,29.4
129,서산,2024-08-07,29.1,25.3,34.2,0,1.2,24.8,1003.8,13.8,3.8,31.1
129,서산,2024-08-08,27,24.7,29.9,3.6,1.3,24.3,1002.5,13.8,7.1,29.1
129,서산,2024-08-09,27.9,23.2,33.8,,1.2,23.3,1001.9,13.8,2.1,30.2
129,서산,2024-08-10,28.6,23.8,34,,1.3,23.2,1000.7,13.7,5.4,30.9
129,서산,2024-08-11,29.2,25.2,33.4,,1.9,24,1000,13.7,4.3,30.9
129,서산,2024-08-12,29.7,25.5,34.8,,1.4,24.5,1002,13.7,1.1,31.7
129,서산,2024-08-13,29.8,26.7,34.5,,1.5,24.9,1005.3,13.6,3.3,31.3
129,서산,2024-08-14,30,26.7,35.8,,1.3,25.3,1005.2,13.6,5.3,33.7
129,서산,2024-08-15,27.9,25.8,33.1,14.2,1,25.1,1005,13.6,5.3,30.5
129,서산,2024-08-16,28.5,25,33.1,,1.3,25.1,1006.1,13.5,5.4,30.5
129,서산,2024-08-17,28.3,25.4,32.4,0,1.1,25,1007.7,13.5,5.5,30.3
129,서산,2024-08-18,28.2,25.4,33.2,5.9,1.1,24.8,1006.9,13.5,6.1,29.8
129,서산,2024-08-19,28.3,24.9,33,,1.1,25.1,1005.7,13.4,3.9,30.6
129,서산,2024-08-20,29.5,25.9,35.1,14.6,1.6,25.6,1005.6,13.4,6.4,30.5
129,서산,2024-08-21,28.1,25.5,30.8,123,3.8,26.3,1004.3,13.4,8.6,28.1
129,서산,2024-08-22,27.6,25,29.5,.2,3.6,25.1,1002.1,13.3,6,27.6
129,서산,2024-08-23,27.5,23.6,31.5,2.5,1.8,24.7,1005.9,13.3,2.6,29.4
129,서산,2024-08-24,27.7,24.6,31.9,,1.2,24.9,1007.6,13.3,3.5,29.8
129,서산,2024-08-25,27.3,24.3,32.1,13.5,.9,24.4,1006.5,13.2,5.4,30.4
129,서산,2024-08-26,27.1,23.7,31.1,,1,24.1,1004.2,13.2,8.3,28.9
129,서산,2024-08-27,25.8,24.5,28.4,.3,2.1,23,1003.5,13.1,7.4,26.4
129,서산,2024-08-28,27.1,22.8,32.3,,3,21,1005.2,13.1,0,28.2
129,서산,2024-08-29,27.5,22.8,32.3,,2.5,21,1003.7,13.1,0,29.2
129,서산,2024-08-30,26.7,22.9,32,,1.9,21.3,1003.1,13,0,30.3
129,서산,2024-08-31,25.4,20.9,31.1,,1,21.2,1004.5,13,.5,29.5
129,서산,2024-09-01,25.3,20.7,30.7,,1.4,21.2,1005.1,13,4.6,29.9
129,서산,2024-09-02,24,21.3,26.1,.1,1.6,21,1006.3,12.9,8,25
129,서산,2024-09-03,26.4,22.7,31.5,,1.8,21,1008.6,12.9,4.3,28.2
129,서산,2024-09-04,26.6,21.8,32.2,,1,21.3,1006.8,12.9,4,30.5
129,서산,2024-09-05,25.8,22.7,29.4,1.5,2,23.1,1005.4,12.8,6.9,28
129,서산,2024-09-06,25.6,22.8,28.9,,1.2,22.9,1008.3,12.8,7.4,27.4
129,서산,2024-09-07,25.4,21.1,31,,1.3,21.3,1010.9,12.7,1.9,29.9
129,서산,2024-09-08,24.8,20.7,31.3,,1.1,21.2,1011.2,12.7,1.9,29.2
129,서산,2024-09-09,26.3,20.8,32.8,,1.2,21.8,1010.4,12.7,2,32.7
129,서산,2024-09-10,27.8,23.3,34,,1.3,22.4,1010.8,12.6,1.1,32.1
129,서산,2024-09-11,26.8,24.6,30.9,28.9,1.4,24,1013,12.6,7.9,29.3
129,서산,2024-09-12,26.2,24.9,28.3,37.3,.7,25,1011.8,12.5,9.9,27.1
129,서산,2024-09-13,27,24.9,29.8,1.5,2,25,1006.4,12.5,9.3,27.8
129,서산,2024-09-14,27.2,24.8,31.2,6.8,1.5,24.5,1003.8,12.5,5.8,29.4
129,서산,2024-09-15,28.4,23.9,33.4,,1.8,24.1,1006.5,12.4,3.3,30
129,서산,2024-09-16,28.9,25.1,33.5,,2,23.2,1011.9,12.4,5.5,29.8
129,서산,2024-09-17,28.4,25.7,34.4,0,1.4,24.6,1012.1,12.4,6.1,29.8
129,서산,2024-09-18,28.5,25.2,33.4,7,1.1,24.9,1011,12.3,6,30.4
129,서산,2024-09-19,28.3,24.6,33,,.9,24.6,1011.2,12.3,8.1,29.8
129,서산,2024-09-20,25.9,24.8,27.4,221.8,2.1,24.7,1006.7,12.2,10,27.1
129,서산,2024-09-21,20.6,18.7,25.3,49.3,3.1,18.7,1003.5,12.2,8.5,23.2
129,서산,2024-09-22,21.2,17.6,25.2,,2.3,15.9,1009.8,12.2,6,22.3
129,서산,2024-09-23,20.3,16.5,25.5,,2.5,14.4,1014.6,12.1,1.5,22.6
129,서산,2024-09-24,20.8,14.8,27.1,,1.5,13.9,1013.2,12.1,5.9,23
129,서산,2024-09-25,23,18.6,29.2,,1.1,18.2,1011.4,12,6.9,24.8
129,서산,2024-09-26,23,18.6,28.8,,1.2,19.3,1010.4,12,4.3,24.8
129,서산,2024-09-27,21.7,17.3,26.6,,1.2,18.2,1011.2,12,2.3,24
129,서산,2024-09-28,23.3,18.5,29,,2.2,17.7,1014.7,11.9,1.9,23.9
129,서산,2024-09-29,23.2,18.6,28.7,,2.1,17.1,1016.4,11.9,2.1,24.1
129,서산,2024-09-30,21.3,15.3,28.6,,.9,14.3,1012.9,11.9,3.4,23.5
129,서산,2024-10-01,17.8,13.6,20.2,13.3,2.3,12.6,1010,11.8,8.4,19.7
129,서산,2024-10-02,14.3,9.7,18.9,,2,5.4,1016.4,11.8,2.4,17
129,서산,2024-10-03,13.9,8.6,21,,1.5,8.4,1019.4,11.7,2,16.3
129,서산,2024-10-04,16,9.6,23.1,,1.6,9.7,1021.4,11.7,0,17.9
129,서산,2024-10-05,16.7,11.3,23.5,,1.6,11,1020.3,11.7,4.3,18.3
129,서산,2024-10-06,16,13,18.4,.4,1.1,13.6,1017.7,11.6,9.8,17.8
129,서산,2024-10-07,17.1,13.6,21.5,,.9,13.5,1015,11.6,8.8,19.3
129,서산,2024-10-08,16.4,12.6,22.3,,1.1,13,1014.3,11.5,2.3,18.6
129,서산,2024-10-09,17.8,12.5,24.6,,1.5,13.2,1013.1,11.5,3.8,18.8
129,서산,2024-10-10,17,12.7,23.6,3.6,1.1,13.6,1012.4,11.5,4,18.8
129,서산,2024-10-11,17,11.6,24.6,,.9,12.5,1015.8,11.4,.5,18.7
129,서산,2024-10-12,16.5,11.3,23.8,,1.3,11.3,1020.4,11.4,0,18.2
129,서산,2024-10-13,17.4,10.1,23.9,,1.1,11.8,1020,11.3,6.4,18
129,서산,2024-10-14,17.6,15.8,19.9,2,1,15.4,1016.1,11.3,9.8,18.1
129,서산,2024-10-15,18.9,16,22.5,14.3,.7,17.5,1015.1,11.3,7.9,20
129,서산,2024-10-16,17.7,14.6,24.1,,1.2,14.8,1019.9,11.2,5.3,19.4
129,서산,2024-10-17,18.9,14.1,25.5,,1.6,14.7,1018.7,11.2,5.3,18.7
129,서산,2024-10-18,17.8,16.4,18.9,109.2,1.5,16.7,1010.3,11.2,8.8,18
129,서산,2024-10-19,16.6,13.2,18.8,1.9,3,13.1,1016,11.1,6.4,18.1
129,서산,2024-10-20,13.6,10.7,18.5,,3.7,5.4,1026.5,11.1,2.3,14.3
129,서산,2024-10-21,14.9,9.4,20.1,0,1.7,9.7,1020.8,11.1,9.1,15.3
129,서산,2024-10-22,16.7,15.3,18.7,4.9,1.8,15.4,1011.8,11,9.9,17.5
129,서산,2024-10-23,12.9,7.6,17,.3,3.5,8,1015,11,4.8,15.1
129,서산,2024-10-24,11.6,5.3,18.4,,1.3,7.5,1020.1,10.9,0,13.7
129,서산,2024-10-25,14.9,9,21.3,,2.1,9.4,1021.6,10.9,4.8,14.7
129,서산,2024-10-26,16.6,9.5,24.9,,1,11.7,1017.6,10.9,1.4,16.2
129,서산,2024-10-27,14.9,11.8,19.5,.4,1.3,12.5,1011.8,10.8,8.4,16.4
129,서산,2024-10-28,14.7,8.8,18.4,,1.4,11.1,1012.3,10.8,6.3,15.6
129,서산,2024-10-29,16.1,12.4,21.2,,1.4,9.5,1015.6,10.8,5.4,16.5
129,서산,2024-10-30,14.4,9.3,21.2,,1.3,9.8,1020.1,10.7,.3,15.2
129,서산,2024-10-31,14.9,9.3,23.3,,.9,9.7,1020.1,10.7,2.5,14.8
129,서산,2024-11-01,14.8,11.2,17.2,0,1.5,10.9,1016.4,10.7,10,15
129,서산,2024-11-02,17,10.8,23.7,,1.8,11.1,1015.4,10.6,1.8,16.1
129,서산,2024-11-03,16,9.8,22.5,,1.5,12.5,1018.9,10.6,2,15.8
129,서산,2024-11-04,14.9,7.6,19.9,1,2.3,9.1,1018.6,10.6,5.6,16
129,서산,2024-11-05,9.7,5.4,13.6,,2.2,.9,1020.3,10.5,2.5,11.2
129,서산,2024-11-06,7.3,2.2,12.1,,1.9,-.2,1024.2,10.5,0,9.5
129,서산,2024-11-07,6.4,-.2,14.5,,1.3,-.5,1027.2,10.5,0,8.2
129,서산,2024-11-08,8.5,1.1,16.6,,1.4,1.7,1025.4,10.4,.4,9
129,서산,2024-11-09,12.1,4.4,19.2,,1.6,6.4,1023.6,10.4,3.6,11.3
129,서산,2024-11-10,13.6,8.3,21.1,,1.1,8.5,1019.5,10.4,4.5,13.6
129,서산,2024-11-11,12.8,7.2,20.6,,1,8.3,1017.6,10.3,2.1,12.6
129,서산,2024-11-12,12.6,7.2,19.1,,1.2,8.4,1017.5,10.3,2.4,12.9
129,서산,2024-11-13,12.3,5.7,20,,1.2,7.3,1019.4,10.3,2.5,12
129,서산,2024-11-14,14,10.6,19.6,.8,.8,10.5,1017.3,10.3,8.6,13.8
129,서산,2024-11-15,15.3,12.6,21.8,5.7,1.4,11.5,1015.6,10.2,6.9,14.9
129,서산,2024-11-16,15.9,10.9,21.7,1.6,1.4,12,1013.9,10.2,6.9,15.7
129,서산,2024-11-17,8.9,5,15,,3.8,-1.9,1021.8,10.2,6.4,10
129,서산,2024-11-18,3.1,-2.1,7,,3,-8.7,1030,10.1,.3,4.5
129,서산,2024-11-19,3.6,-2.5,11,,1.2,-5,1027.1,10.1,3.6,5.1
129,서산,2024-11-20,5.6,-1,11.4,2.1,.8,2.4,1021.8,10.1,7.1,6.6
129,서산,2024-11-21,9.4,4.5,15.1,0,1.4,5.2,1017.8,10.1,5,10
129,서산,2024-11-22,6.2,-.5,10.8,,2.2,-1.9,1021.2,10,0,6.5
129,서산,2024-11-23,4.7,-1.6,12.3,,1.5,-3.1,1024.9,10,2.1,5.4
129,서산,2024-11-24,6,-1.2,14.3,,1,.5,1026.4,10,1.1,5.9
129,서산,2024-11-25,10.9,1.8,17.3,.3,1.8,3.7,1019.8,10,5.4,8.7
129,서산,2024-11-26,7.3,3.6,11.8,27.6,4.3,2.4,1010.4,9.9,8.8,8.5
129,서산,2024-11-27,3,.7,5.3,8.7,5.1,-2.7,1009.4,9.9,8,3.2
129,서산,2024-11-28,3.7,1.9,7.3,10.5,3.2,.6,1008.7,9.9,8.3,5.7
129,서산,2024-11-29,2.6,-1,5.6,3.8,1.8,0,1010.7,9.9,6.9,4.9
129,서산,2024-11-30,4.3,-1.5,11.5,0,1.1,1.6,1012.9,9.9,4.4,5.2
129,서산,2024-12-01,7.3,1.5,12.7,.9,.8,5.7,1012.5,9.8,6,7.6
129,서산,2024-12-02,7.3,3.4,15.6,,2.3,4.3,1014,9.8,1.8,7.7
129,서산,2024-12-03,1.5,-1.8,5.2,,1.6,-6.8,1021.1,9.8,5.1,3.3
129,서산,2024-12-04,2.9,-.7,8.1,0,1.2,-2.5,1019.2,9.8,4.5,4.7
129,서산,2024-12-05,4.4,-.6,8.4,4.9,1.8,1.1,1014.9,9.8,7,5.1
129,서산,2024-12-06,3.7,1,7.4,.8,2.1,-1.9,1018.6,9.8,4.6,4.9
129,서산,2024-12-07,1.9,-1.7,5.3,.4,2.6,-4.2,1021.6,9.8,6.8,3.7
129,서산,2024-12-08,1.1,-1.4,4.7,,2.2,-5.5,1024.1,9.7,2.1,2.3
129,서산,2024-12-09,1.6,-3.6,4.7,0,.9,-3.1,1022,9.7,7,3.1
129,서산,2024-12-10,3.1,-2.2,8.7,,.9,-1.9,1021.4,9.7,4.8,4.3
129,서산,2024-12-11,1.7,-2.3,7.5,,1.3,-3.6,1020.4,9.7,5,3.2
129,서산,2024-12-12,-.4,-5.8,5.5,,.9,-5.5,1022.5,9.7,4.8,1.4
129,서산,2024-12-13,1.1,-2.1,5,0,1.7,-4.9,1020,9.7,6.9,2.6
129,서산,2024-12-14,1.3,-.9,4.2,1.5,2.6,-4.6,1022.7,9.7,7.5,2.4
129,서산,2024-12-15,2.2,-1.1,6.4,5.4,2.5,-2.3,1019,9.7,6.8,2.9
129,서산,2024-12-16,.5,-4.1,4.6,.5,.9,-2.6,1019.8,9.7,7.5,2.5
129,서산,2024-12-17,-.2,-4.7,5,0,1.5,-4.7,1022.9,9.7,4.8,2
129,서산,2024-12-18,-2.1,-4.9,.6,0,2.3,-8.8,1024.5,9.7,4.6,.4
129,서산,2024-12-19,-1.9,-8.2,5.5,,.9,-8.3,1026.7,9.7,3.8,-.6
129,서산,2024-12-20,.4,-3.7,3.7,.2,.7,-1.5,1019.4,9.7,9.8,1.2
129,서산,2024-12-21,.4,-1.9,3.7,.9,4,-4.7,1017.7,9.6,6.9,.9
129,서산,2024-12-22,-2.1,-6,2.1,,2.5,-8.7,1025.3,9.7,.4,-1.4
129,서산,2024-12-23,.3,-6.7,7.1,,1.2,-3.5,1024.1,9.7,4.3,.3
129,서산,2024-12-24,-.4,-5.7,5.6,,1.1,-6,1025.6,9.7,3,-.1
129,서산,2024-12-25,3.1,-3.7,8.1,.1,1.1,-1.9,1022.6,9.7,8.3,2.7
129,서산,2024-12-26,1.9,-1.4,6.2,0,3.9,-5.3,1023,9.7,4.8,2
129,서산,2024-12-27,-.7,-3.1,2.4,.5,1.6,-6.5,1023.6,9.7,7.5,1.4
129,서산,2024-12-28,-1,-2.7,1.5,0,1.9,-6,1022.1,9.7,8.8,1.9
129,서산,2024-12-29,1.3,-3.4,7.2,,1,-2.3,1022,9.7,5.5,2.5
129,서산,2024-12-30,6.3,.8,10.4,,2.6,.7,1016.3,9.7,7.1,4.8
129,서산,2024-12-31,.5,-5,5.9,,2.5,-8.1,1019.2,9.7,0,1.3
177,홍성,2024-06-01,19.3,16.1,24.2,0,2.5,12.7,1008.3,14.5,3.8,24.9
177,홍성,2024-06-02,19.7,13.1,25.4,,1.9,11.7,1007.7,14.5,2.1,26.8
177,홍성,2024-06-03,20.4,13.5,26.4,,1.7,12.6,1007.7,14.5,.5,26.5
177,홍성,2024-06-04,20.9,15.2,27.3,,1.4,14.7,1012.8,14.6,0,29.5
177,홍성,2024-06-05,21.1,15.3,27.8,,1.6,15.8,1015.2,14.6,6,30
177,홍성,2024-06-06,21.4,16.9,28.3,,1.5,14.4,1013.8,14.6,5,28.3
177,홍성,2024-06-07,21.5,15.1,26.6,0,1.3,13.1,1010.7,14.6,8.3,27.3
177,홍성,2024-06-08,20.9,17.7,25.4,1.7,1.5,18.5,1006.1,14.6,7.8,26.5
177,홍성,2024-06-09,22.3,18.1,28.5,,1.4,17.7,1005.3,14.6,3.6,29.9
177,홍성,2024-06-10,23.5,18.2,30.2,,2.3,18,1004.8,14.6,.5,28.8
177,홍성,2024-06-11,23.5,19.1,30.9,,1.8,18.1,1004.6,14.6,4.8,30.5
177,홍성,2024-06-12,23.5,16.1,32.4,,1.3,15.2,1002.9,14.6,2.8,33.3
177,홍성,2024-06-13,24.2,18,31,,1.6,16.7,1002.1,14.7,1.9,33.8
177,홍성,2024-06-14,24.4,18.2,31.3,,1.4,18.3,1002.5,14.7,5.5,32
177,홍성,2024-06-15,24.3,21,28.1,0,1.4,20,1001.2,14.7,6.9,31.6
177,홍성,2024-06-16,23.3,18.2,28.7,,2,16.9,1004.2,14.7,3.3,31.5
177,홍성,2024-06-17,23.2,16.1,29.8,,1.6,13.3,1005.2,14.7,6.4,27.9
177,홍성,2024-06-18,24,15.6,31.7,,1.9,17.2,1004.6,14.7,0,31.2
177,홍성,2024-06-19,26,18.3,34.3,,1.5,16.9,1005.4,14.7,4,33.6
177,홍성,2024-06-20,25.1,19.2,31.3,,1.3,16.6,1001.6,14.7,4.8,32.6
177,홍성,2024-06-21,25.4,18.5,31.1,,1.3,17.1,999.8,14.7,6.5,32.3
177,홍성,2024-06-22,22.8,22.2,24.1,52.6,1.3,22.1,995.2,14.7,10,24.5
177,홍성,2024-06-23,24.7,22.6,28.3,5.1,1.9,22.9,996.4,14.7,8.8,27.3
177,홍성,2024-06-24,23.8,19.7,27.8,,2.3,19.6,1001.4,14.7,7,26.2
177,홍성,2024-06-25,22.6,16.9,27.4,,2.1,16,1008.6,14.7,5,25.3
177,홍성,2024-06-26,23.4,17.8,29.2,,1.3,17.6,1012.2,14.7,2.8,28.1
177,홍성,2024-06-27,23.2,17.9,28.4,,1,18.2,1008.9,14.7,5.6,26.3
177,홍성,2024-06-28,24.1,17.8,30.9,,1,18,1004.8,14.7,1.6,30.3
177,홍성,2024-06-29,24.9,20.9,28.9,56.8,1.8,22.5,1000.1,14.6,8.9,27.7
177,홍성,2024-06-30,24.4,22,27.2,4,3.3,23.2,995.9,14.6,7.9,25.6
177,홍성,2024-07-01,25.3,20.9,30,,1,22.2,1001.3,14.6,4.4,28.5
177,홍성,2024-07-02,23.6,21.4,27.7,37.4,1,23.3,1000.7,14.6,9.9,24.2
177,홍성,2024-07-03,25.3,24.1,27.1,.1,2.3,23.6,1006.1,14.6,8.9,27.8
177,홍성,2024-07-04,27.1,23.4,31.2,.7,2,23.7,1004.1,14.6,6.1,28.3
177,홍성,2024-07-05,24.6,21.9,27.8,0,2.7,21.3,1002.5,14.6,7.4,27.5
177,홍성,2024-07-06,26.4,22.1,30.9,4.2,2.5,24.8,1000.7,14.6,9.5,30.8
177,홍성,2024-07-07,23.9,21.9,25.9,100.3,1.4,23.7,1001.9,14.6,10,24.6
177,홍성,2024-07-08,24.2,23,25.7,105.4,1.6,24,1000.5,14.6,10,24.7
177,홍성,2024-07-09,23.8,22.9,24.6,15.1,1,23.6,1001.2,14.5,10,24.4
177,홍성,2024-07-10,25.8,21.5,31.2,94.6,2.3,23,997.4,14.5,5.1,30.1
177,홍성,2024-07-11,24.5,21.9,28.5,,1.8,22.8,999.7,14.5,7.4,28.9
177,홍성,2024-07-12,25,21.8,29.4,,1.1,23.3,1000.2,14.5,5.8,31
177,홍성,2024-07-13,26.4,22.3,31,,1,24,1002.8,14.5,4.6,31.8
177,홍성,2024-07-14,25.5,22.7,31.2,10.3,1.6,23.8,1006.1,14.4,7,30.7
177,홍성,2024-07-15,26.8,23,30.9,0,1.2,24.5,1008.3,14.4,5,30.6
177,홍성,2024-07-16,25.1,23.3,27.5,32.8,.9,24.7,1007.6,14.4,9.3,27.3
177,홍성,2024-07-17,27.7,23.2,30.2,4.9,3.1,25.9,1005.3,14.4,9.5,29.3
177,홍성,2024-07-18,25.7,24.5,28.3,68.7,2.9,25,999.7,14.4,10,25.4
177,홍성,2024-07-19,25.7,23.9,29.6,.5,1.7,24.9,1003,14.4,8.5,28.7
177,홍성,2024-07-20,26.6,22.9,31,6.8,2.2,25.3,1003.7,14.3,8.8,28.5
177,홍성,2024-07-21,27.4,24.9,29.5,0,2.9,26.2,1005,14.3,7.3,28.1
177,홍성,2024-07-22,28.8,27.6,30.4,0,2.9,26.3,1003.2,14.3,8.6,28.3
177,홍성,2024-07-23,26.7,24.8,28.4,39.2,2.4,26.3,1002.2,14.3,9.6,26.1
177,홍성,2024-07-24,28.3,26.7,31.4,10.4,1.9,27.2,1002,14.2,7.3,29.3
177,홍성,2024-07-25,28.2,24.7,33.3,6,.8,26.1,1003.6,14.2,6.4,31.6
177,홍성,2024-07-26,28.5,24.7,33.7,.5,1.3,26.5,1007,14.2,8,29.3
177,홍성,2024-07-27,28.8,26.3,32.9,17.6,1.5,27.5,1011.3,14.2,8.6,29.5
177,홍성,2024-07-28,29.6,26.8,33.2,,2.6,25.9,1010,14.1,7.8,30.8
177,홍성,2024-07-29,28.4,26.8,30.3,0,3.1,26.6,1007,14.1,7.8,28.8
177,홍성,2024-07-30,28.1,26.6,31.3,,2.2,26.3,1005.2,14.1,5.3,29.5
177,홍성,2024-07-31,29.1,26,33.1,,2,26.2,1004.1,14,4.1,32.6
177,홍성,2024-08-01,29.7,27.5,32.8,0,2.3,27.1,1002.2,14,4,36
177,홍성,2024-08-02,29.8,27.4,32.8,,2.4,27.9,1002,14,5.3,35.8
177,홍성,2024-08-03,29.7,25.8,34.3,.1,1.1,27.1,1004.9,14,4.4,33.1
177,홍성,2024-08-04,29.5,24.4,35.2,,1,26.6,1005.1,13.9,2.3,38.9
177,홍성,2024-08-05,28.9,25.5,34.7,2.7,1.4,26.8,1005.1,13.9,7,33.9
177,홍성,2024-08-06,27.6,24.4,32.7,12.1,.9,25.5,1005,13.9,6.4,30.1
177,홍성,2024-08-07,29.1,25.4,34.2,,1,26,1003.7,13.8,3.8,32.1
177,홍성,2024-08-08,26.6,23.7,29.9,14.7,1.3,25.6,1002.5,13.8,8.5,27.2
177,홍성,2024-08-09,27.5,23.2,33,,.9,24.8,1001.8,13.8,4.3,31.9
177,홍성,2024-08-10,28.5,23.8,33.3,,1,24.9,1000.6,13.7,5.5,30.2
177,홍성,2024-08-11,29.2,24.6,33.7,,1.3,26.1,1000,13.7,2.9,31.3
177,홍성,2024-08-12,29.3,25,34.2,,.9,26.3,1001.9,13.7,2.3,34.1
177,홍성,2024-08-13,29.5,26.4,34.3,,1,27,1005.2,13.6,4.3,35.9
177,홍성,2024-08-14,29.9,26,34.9,,1,26.3,1005.1,13.6,4.3,37
177,홍성,2024-08-15,28.2,25.4,33.2,0,.9,26.6,1004.9,13.6,4.6,30.7
177,홍성,2024-08-16,28.7,25,33.7,,1,25.7,1005.9,13.5,4.4,35.5
177,홍성,2024-08-17,28.8,25.2,33.8,0,1.1,26,1007.5,13.5,4.8,36
177,홍성,2024-08-18,28.2,25,33.4,0,1.1,26.4,1006.8,13.5,4.6,30.8
177,홍성,2024-08-19,29,25,34.6,,1.1,25.6,1005.5,13.4,2.8,36.4
177,홍성,2024-08-20,29.5,25.8,35.6,2.1,1.1,27.1,1005.7,13.4,5.6,35.9
177,홍성,2024-08-21,28.8,25.5,32.3,70.8,2.1,27.1,1004.4,13.4,9,29
177,홍성,2024-08-22,28.1,26,30.8,4.2,2.5,26.8,1002.2,13.3,6.5,27.3
177,홍성,2024-08-23,27.9,24.3,31.5,.6,1.9,25.9,1005.8,13.3,3.1,29.2
177,홍성,2024-08-24,27.9,25.1,32.1,1.1,1.2,26.3,1007.5,13.3,3.5,30
177,홍성,2024-08-25,26.9,23.7,31.3,1.1,.8,25.5,1006.4,13.2,5.1,30.2
177,홍성,2024-08-26,27,23.5,31,,.8,25.4,1004.1,13.2,8.5,28.8
177,홍성,2024-08-27,25.9,24,28.1,0,1.6,25.2,1003.5,13.1,7.6,26.2
177,홍성,2024-08-28,26.7,22.5,32.4,,1.8,23.8,1005.2,13.1,.3,28.9
177,홍성,2024-08-29,27.7,23.3,32.5,,2.6,23,1003.6,13.1,.9,31
177,홍성,2024-08-30,26.7,22.1,32,,1.6,23,1002.8,13,.4,29
177,홍성,2024-08-31,25.8,21.5,31,,1.2,22.9,1004.4,13,.8,31.4
177,홍성,2024-09-01,25.9,21.8,31.2,,1.4,22.7,1004.9,12.9,4,31.2
177,홍성,2024-09-02,23.7,20.8,26.6,0,.7,22.4,1006.4,12.9,8.4,25.2
177,홍성,2024-09-03,26.3,22.1,31.3,0,.9,23,1008.6,12.9,5.4,30.5
177,홍성,2024-09-04,25.9,21,31.9,,1,21.6,1006.8,12.8,2.5,32.4
177,홍성,2024-09-05,26.1,22.8,29.7,.5,1.8,24.4,1005.3,12.8,7.4,27.2
177,홍성,2024-09-06,25.2,23.5,27.9,1.9,.6,24.7,1008.3,12.8,9.3,26.6
177,홍성,2024-09-07,25.4,21,31.4,,1,22.1,1010.7,12.7,2.9,30.1
177,홍성,2024-09-08,25.4,19.8,32.2,,.8,21.9,1011.1,12.7,.6,31.5
177,홍성,2024-09-09,26.8,21,33.4,,.9,23.7,1010.2,12.7,2.4,31.7
177,홍성,2024-09-10,27.7,22.8,33.8,,1,24.3,1010.7,12.6,1.8,33.8
177,홍성,2024-09-11,26.8,23.1,31.2,67.1,.8,25.3,1012.9,12.6,7.8,29.9
177,홍성,2024-09-12,26.3,24.8,28.7,59.9,.2,25.4,1011.9,12.5,9.6,27.4
177,홍성,2024-09-13,27.3,24.5,31.7,0,1.8,24.5,1006.4,12.5,8.9,28.1
177,홍성,2024-09-14,27.5,24.8,31.4,2.3,1.2,24.4,1003.6,12.5,5.4,29.4
177,홍성,2024-09-15,27.9,23.4,33,,1.5,24.2,1006.5,12.4,2.3,30.1
177,홍성,2024-09-16,27.8,24,31.3,,1,23.5,1012,12.4,6.1,28.9
177,홍성,2024-09-17,28.3,25.3,32.9,,.9,24.9,1012,12.4,5.6,28.9
177,홍성,2024-09-18,27.6,24.6,32.6,0,.7,24.7,1011.1,12.3,6.9,29.8
177,홍성,2024-09-19,27.9,23.9,32.1,,.5,24.6,1011.2,12.3,8.3,31.8
177,홍성,2024-09-20,25.8,24.5,28.1,102.7,.8,24.5,1006.9,12.2,10,26.6
177,홍성,2024-09-21,20.7,18.6,25.9,98.6,1.8,19.2,1003.4,12.2,9.5,22.6
177,홍성,2024-09-22,21.5,17.7,25.5,,1.9,16.2,1009.6,12.2,5.4,24.1
177,홍성,2024-09-23,20.1,15.8,25.1,,1.5,14.8,1014.6,12.1,1.9,23.7
177,홍성,2024-09-24,19.9,14.4,26.1,,.9,14.4,1013.3,12.1,5,24.2
177,홍성,2024-09-25,22.6,18,27.6,,.5,18.4,1011.4,12,7.5,26.5
177,홍성,2024-09-26,23.2,19.8,28.4,,.9,19.2,1010.3,12,5.1,25.7
177,홍성,2024-09-27,22.1,17.5,27.2,,1,17.8,1011,12,2.1,26.3
177,홍성,2024-09-28,23.2,18.8,28.8,,1.6,17.4,1014.8,11.9,1.6,26.1
177,홍성,2024-09-29,22.6,17.8,28.2,,1.3,17,1016.6,11.9,2.3,26.9
177,홍성,2024-09-30,20.8,14.8,27.2,,.5,14.8,1013,11.8,4,24.4
177,홍성,2024-10-01,17.9,13.9,20.3,.9,1.5,12.3,1009.9,11.8,7.4,19.1
177,홍성,2024-10-02,13.4,8.3,18.9,,.8,5.8,1016.4,11.8,3.1,19.2
177,홍성,2024-10-03,12.6,6.7,19.3,0,1.2,9,1019.4,11.7,4.4,15.5
177,홍성,2024-10-04,15,7.6,22.2,,1,9.8,1021.3,11.7,0,20.2
177,홍성,2024-10-05,15.7,8.3,23.4,,.9,10.9,1020.2,11.7,3.8,20.2
177,홍성,2024-10-06,15.2,11.7,17.9,.5,.6,13.7,1017.8,11.6,9.4,17.6
177,홍성,2024-10-07,17,14,21.3,.1,.9,13.7,1014.9,11.6,8.6,19.1
177,홍성,2024-10-08,16.3,10.8,22.3,,.9,12.6,1014.1,11.6,2.5,18.8
177,홍성,2024-10-09,16.5,10.2,23.8,,.7,12.8,1013.2,11.5,5.4,19
177,홍성,2024-10-10,17.7,11.9,24.5,,1.1,12.6,1012.4,11.5,4.8,21.5
177,홍성,2024-10-11,17,10.7,24.3,,.8,12.3,1015.7,11.4,.9,20.3
177,홍성,2024-10-12,15.7,9.2,23.3,,.8,11.7,1020.4,11.4,1.3,20
177,홍성,2024-10-13,15.9,7.7,23.2,,.7,12.2,1020.1,11.4,6,17.6
177,홍성,2024-10-14,17.1,14,19,4.1,.4,15.8,1016.3,11.3,9.9,17.9
177,홍성,2024-10-15,18.7,15.9,21.4,22.8,.4,17.7,1015,11.3,9.5,20.1
177,홍성,2024-10-16,17.5,13.4,22.7,,.7,15.1,1019.8,11.2,5.8,19.9
177,홍성,2024-10-17,16.8,12,24.6,,.8,14.2,1018.8,11.2,6.3,19.7
177,홍성,2024-10-18,18.2,15.6,22.9,52.3,1,17.3,1010.1,11.2,9.4,18.4
177,홍성,2024-10-19,17,13.4,22.6,27.1,2.5,13.7,1015.3,11.1,9.5,18.4
177,홍성,2024-10-20,13,8.6,18.2,,2.7,6.3,1026.7,11.1,2.1,15.6
177,홍성,2024-10-21,14,7.3,19.4,0,.8,10.4,1020.9,11.1,9,16
177,홍성,2024-10-22,16.9,15,19.1,5.4,1.2,15.4,1011.8,11,10,17.4
177,홍성,2024-10-23,13.5,7.9,17.5,.3,2.5,7.9,1014.8,11,5.4,16.1
177,홍성,2024-10-24,11.3,4.9,17.9,,1,7.3,1020,11,0,14.2
177,홍성,2024-10-25,14,6.1,21.7,,.9,9.8,1021.6,10.9,5.4,15.2
177,홍성,2024-10-26,15.7,8,23.6,,.8,11.9,1017.6,10.9,1,17.3
177,홍성,2024-10-27,15.6,11.6,20,.3,1,12.3,1011.7,10.8,8.5,17.1
177,홍성,2024-10-28,14.4,9.2,17.8,,1.1,11.1,1012.4,10.8,7.1,15.2
177,홍성,2024-10-29,15.5,11.1,20.4,,.7,9.7,1015.7,10.8,5.8,17.2
177,홍성,2024-10-30,14.5,10,20.7,,.9,10.1,1020,10.7,.6,16.6
177,홍성,2024-10-31,13.3,6.5,22.1,,.5,9.2,1020.1,10.7,2.9,15.6
177,홍성,2024-11-01,13.6,10.2,15.8,1,1.1,10.8,1016.4,10.7,9.6,14.2
177,홍성,2024-11-02,17.5,12,23.6,,1.7,11.2,1015.2,10.6,3,17.6
177,홍성,2024-11-03,15.6,8.3,23.2,,1.1,12.1,1018.9,10.6,1.4,15.8
177,홍성,2024-11-04,15.5,11.1,20.7,1.6,1.9,9.2,1018.5,10.6,5.6,16.3
177,홍성,2024-11-05,9.5,5.4,14.7,,1.2,1.5,1020.1,10.5,2.9,11.8
177,홍성,2024-11-06,6.5,1.8,12.2,,1.1,-.5,1024,10.5,0,9.6
177,홍성,2024-11-07,5.8,-1.2,14.3,,.7,0,1027.2,10.5,0,8.9
177,홍성,2024-11-08,7.5,-.4,16.9,,.6,2.1,1025.3,10.4,.5,9.7
177,홍성,2024-11-09,10.5,3.2,19,,.6,6.4,1023.6,10.4,3.8,10.8
177,홍성,2024-11-10,12.4,8.3,20.8,,.4,8.3,1019.5,10.4,4.5,12.5
177,홍성,2024-11-11,12.4,5.4,20.6,,.5,8,1017.5,10.3,1,13.1
177,홍성,2024-11-12,13,6.9,19.3,,.8,8,1017.3,10.3,2.3,14.2
177,홍성,2024-11-13,11,3.8,20.3,,.6,7.5,1019.5,10.3,5.6,13.3
177,홍성,2024-11-14,13.7,9.3,19.2,0,.4,10.2,1017.3,10.3,8.6,13.6
177,홍성,2024-11-15,14.5,10.9,20.7,6.5,.6,11.2,1015.7,10.2,5.9,15.6
177,홍성,2024-11-16,16,9.4,22.4,.3,1.2,11.8,1013.7,10.2,6.5,16
177,홍성,2024-11-17,9.3,5,16.2,,2.3,-1.5,1021.5,10.2,6.4,10.7
177,홍성,2024-11-18,3.2,-2.3,7.1,,2.1,-9.1,1029.8,10.2,.5,6.3
177,홍성,2024-11-19,2.8,-3.7,11.4,,.7,-4.1,1027,10.1,4,5.4
177,홍성,2024-11-20,5.9,-1.8,11.7,.3,.7,1.5,1021.8,10.1,6.5,6.5
177,홍성,2024-11-21,10.6,4.5,15.2,0,1.7,5.2,1017.7,10.1,5.5,10.1
177,홍성,2024-11-22,6.4,.3,12,,1.5,-1.8,1020.9,10,0,7.9
177,홍성,2024-11-23,4,-2.1,11.7,,1,-2.6,1024.8,10,2.3,6.1
177,홍성,2024-11-24,4.9,-2.2,13.2,,.5,-.2,1026.5,10,.8,6.6
177,홍성,2024-11-25,8.7,-.8,16.9,.4,.8,3.2,1020.1,10,5.4,7.8
177,홍성,2024-11-26,8,3.6,10.9,26.5,3.8,2.2,1009.7,10,8.9,7.7
177,홍성,2024-11-27,3.4,.7,5.4,4.5,5.3,-.9,1008.9,9.9,7.3,2.9
177,홍성,2024-11-28,3.9,2.4,7.9,7.9,3.6,.8,1008.3,9.9,9,3.8
177,홍성,2024-11-29,2.5,-1.5,5.4,3.7,1.6,-1.3,1010.4,9.9,7.6,3.3
177,홍성,2024-11-30,5.3,-.6,11.6,0,1.8,1,1012.3,9.9,5.1,5.2
177,홍성,2024-12-01,7.2,.9,12.4,0,1,3.8,1012.2,9.9,5.6,6.4
177,홍성,2024-12-02,8.4,2.8,18.4,,2.6,4.6,1013.4,9.8,2.8,6.7
177,홍성,2024-12-03,1.6,-1.2,5.5,0,1.6,-6.4,1020.6,9.8,5.4,2.9
177,홍성,2024-12-04,2.7,-.4,7.8,0,1.3,-3.7,1018.8,9.8,4.5,4.1
177,홍성,2024-12-05,4.8,-.9,9.8,1.6,2,-.3,1014.3,9.8,7.6,3.2
177,홍성,2024-12-06,3.9,-.2,8.7,.2,1.6,-2,1018.1,9.8,4,5.5
177,홍성,2024-12-07,1.5,-2.9,5.7,.2,1.8,-3.7,1021.1,9.8,5.4,2
177,홍성,2024-12-08,1.1,-2.4,5.5,,1.8,-5.9,1023.6,9.7,3.5,2.1
177,홍성,2024-12-09,1.2,-4.7,5.1,0,.7,-2.9,1021.7,9.7,6.4,1.6
177,홍성,2024-12-10,3.2,-.8,8.6,,1.2,-1.9,1020.9,9.7,5.4,3.1
177,홍성,2024-12-11,1.5,-2.4,8.3,,1.4,-3,1019.7,9.7,4.8,2.5
177,홍성,2024-12-12,.2,-5,6.5,,1.5,-6.3,1021.9,9.7,4.5,.2
177,홍성,2024-12-13,.8,-2,4.6,.1,1.6,-5,1019.6,9.7,5.8,1
177,홍성,2024-12-14,.9,-3.1,5,.6,1.9,-4.8,1022.1,9.7,6.3,.8
177,홍성,2024-12-15,3.1,-.7,7,3.5,2.4,-1.9,1018.4,9.7,6.4,3.2
177,홍성,2024-12-16,1.7,-2.9,6.1,1,.9,-1.9,1019.2,9.7,6.6,
177,홍성,2024-12-17,.7,-3.3,5.7,0,1.6,-4.7,1022.3,9.7,3.8,.9
177,홍성,2024-12-18,-2.4,-6.7,1.5,0,2,-8.6,1023.9,9.7,3.5,-.3
177,홍성,2024-12-19,-2.9,-9,3.6,,1,-8.3,1026.4,9.7,3.3,-2
177,홍성,2024-12-20,.4,-4.1,3.8,.9,.9,-3.1,1019,9.7,9.5,-.1
177,홍성,2024-12-21,.6,-2.3,4.6,3.4,3.3,-4.4,1017.1,9.7,6.5,.3
177,홍성,2024-12-22,-2.1,-5.2,2.6,,2.2,-8.6,1024.7,9.7,.4,-2.1
177,홍성,2024-12-23,.7,-6.6,7.3,0,1.7,-4.1,1023.6,9.7,4.4,-.8
177,홍성,2024-12-24,-.4,-5.7,6,,1.2,-5.2,1025.1,9.7,2.3,-1
177,홍성,2024-12-25,2.9,-3.4,8.3,.9,1.5,-2,1022.2,9.7,7.3,.9
177,홍성,2024-12-26,2.3,-1.2,6.5,0,3,-4.8,1022.3,9.7,5.6,.7
177,홍성,2024-12-27,-1,-5.4,2.4,.1,1.4,-6.4,1023,9.7,6.8,-.8
177,홍성,2024-12-28,-1.5,-4.5,1.7,0,1.7,-6.2,1021.7,9.7,7.9,.6
177,홍성,2024-12-29,1.8,-3.1,6.6,0,1.2,-2.8,1021.6,9.7,5.1,1.7
177,홍성,2024-12-30,6.8,1.6,10.5,,2.9,.7,1015.8,9.7,6.4,3.7
177,홍성,2024-12-31,1.1,-4.4,6.5,,2.1,-8.1,1018.6,9.7,.1,.8
232,천안,2024-06-01,19.4,16.4,24,0,1.6,12.1,1001.1,14.5,4.1,23.4
232,천안,2024-06-02,19.3,12.1,25.5,,1.4,10.5,1000.7,14.5,.8,24.7
232,천안,2024-06-03,19.6,10.8,26.4,,1.1,10.6,1001.3,14.6,.8,24.7
232,천안,2024-06-04,20.3,13,27.6,,1.2,9.6,1006.2,14.6,0,26.4
232,천안,2024-06-05,20.7,12.2,28.7,,.9,13.5,1008.5,14.6,5.1,26
232,천안,2024-06-06,21.8,15.1,28.8,,1,13.8,1007,14.6,3.1,28.1
232,천안,2024-06-07,21.5,13.9,27.7,0,.8,13.9,1003.9,14.6,7.6,26.1
232,천안,2024-06-08,20.5,17.5,25.1,1.8,1,17.7,999.7,14.6,7.1,24.1
232,천안,2024-06-09,22.5,18,29.1,,1,17.2,998.6,14.6,3.8,28.8
232,천안,2024-06-10,23.2,16,30,,1.2,17,998.4,14.6,1,29.2
232,천안,2024-06-11,23.6,16.6,31.1,,1,16.8,997.9,14.7,1.3,30.6
232,천안,2024-06-12,23.3,15.6,32.3,,1.1,13.8,996.3,14.7,2.3,31.4
232,천안,2024-06-13,23.6,14.4,32.5,,1,14.7,995.5,14.7,0,31.6
232,천안,2024-06-14,24.1,16.7,31.4,,1.2,15.3,995.9,14.7,4.5,31.2
232,천안,2024-06-15,23.2,18.9,27.5,.3,1,17.8,994.5,14.7,7.4,27
232,천안,2024-06-16,23.5,18.1,28.9,,1.4,14.1,997.3,14.7,1.9,32.6
232,천안,2024-06-17,22.2,14.2,29.9,,.9,13.5,998.6,14.7,6.4,29.1
232,천안,2024-06-18,23.8,13.5,32.5,,1.1,14.5,997.9,14.7,0,32.9
232,천안,2024-06-19,25.9,17,34.7,,.9,16.8,998.9,14.7,4.3,32.7
232,천안,2024-06-20,24.2,17.3,31.7,,1.3,14.3,995.4,14.7,4.8,31.4
232,천안,2024-06-21,24.9,16,31.9,,.9,16.3,993.4,14.7,6.1,32.8
232,천안,2024-06-22,22.2,21.5,24.1,40.7,1.5,20.9,989,14.7,9.8,23.8
232,천안,2024-06-23,24.4,22.2,29.1,7.5,1.4,21.6,989.6,14.7,7.4,26.5
232,천안,2024-06-24,23.9,18.5,29,,1.3,19.8,994.1,14.7,6.8,27
232,천안,2024-06-25,21.8,15.2,27.7,,1.6,14.3,1001.7,14.7,6,25.5
232,천안,2024-06-26,22.5,15.3,29.3,,.9,16,1005.5,14.7,2.8,26.9
232,천안,2024-06-27,21.7,15.7,27.8,,.7,15.9,1002.5,14.7,5.5,25
232,천안,2024-06-28,23.3,14.4,30.9,,.8,15.3,998.2,14.7,2.1,27.6
232,천안,2024-06-29,24.4,19.5,30,52.1,1.6,20.2,994.3,14.7,7.8,27
232,천안,2024-06-30,24.8,21.9,27.7,4,2,21.9,989.3,14.7,8.6,27.2
232,천안,2024-07-01,25.2,20.9,30.4,,.9,19.9,994.8,14.6,3.4,29.4
232,천안,2024-07-02,22.9,20.8,25,57.2,1.8,21.5,995.1,14.6,10,23.5
232,천안,2024-07-03,25.1,23.2,27.6,1.6,1.7,21.5,999.6,14.6,9.4,26
232,천안,2024-07-04,26.6,21.5,30.9,,1.2,21.9,997.8,14.6,3.3,29.5
232,천안,2024-07-05,24.7,21.7,28.4,.7,2,20.3,995.8,14.6,7.3,27.8
232,천안,2024-07-06,26.5,21.5,30.5,.7,2,23,994.5,14.6,8.5,27.6
232,천안,2024-07-07,23.2,21.2,26.3,108.7,.9,22.6,995.5,14.6,10,24.7
232,천안,2024-07-08,23.7,22.7,25.6,76.9,.9,23.2,994.1,14.6,9.9,24.9
232,천안,2024-07-09,23.3,22.6,24.5,13.6,1,22.6,995.5,14.5,9.5,24.5
232,천안,2024-07-10,24.6,21.2,29.4,61,1.8,21.2,991.2,14.5,6.9,28.5
232,천안,2024-07-11,24.6,21.9,29.1,.5,.8,21.8,993,14.5,6.8,28
232,천안,2024-07-12,24.9,21.2,29.8,,.7,21.5,993.6,14.5,3.4,28.5
232,천안,2024-07-13,25.7,21.3,31.7,.5,1,21.4,996.4,14.5,4.1,28.5
232,천안,2024-07-14,25.4,21.7,29.8,,2.3,21.5,1000.2,14.5,6.4,26.5
232,천안,2024-07-15,26.5,22.6,30.2,,1.9,21.5,1002.2,14.4,4.5,27.4
232,천안,2024-07-16,24.7,22.6,28.6,37.5,1.5,22.7,1001.6,14.4,6.1,26.5
232,천안,2024-07-17,26.7,22.2,30.1,60.5,1.4,23.6,999.5,14.4,9,27.1
232,천안,2024-07-18,25.4,23.7,27.1,52.3,1.5,23.4,993.8,14.4,9.6,25.4
232,천안,2024-07-19,25.6,23.1,30.2,,.8,23.2,996.8,14.4,6.8,28.3
232,천안,2024-07-20,26.1,23,29.9,7.2,1.7,23.8,997.9,14.3,7,27.1
232,천안,2024-07-21,26.9,23.2,30.8,.2,1.6,23.5,998.7,14.3,5.3,27.6
232,천안,2024-07-22,28.3,25.3,30.7,,1.4,24,997.2,14.3,8.5,28.8
232,천안,2024-07-23,26.4,24.7,28.1,7.5,1.3,24.5,996,14.3,8.9,27
232,천안,2024-07-24,26.9,24.4,31.5,2.1,.8,24.8,995.8,14.2,3.9,27.8
232,천안,2024-07-25,27.9,23.5,33.1,.7,1,24.2,997.5,14.2,5.5,30.5
232,천안,2024-07-26,27.9,24.3,33,15.9,1.8,24.7,1001,14.2,8.3,29.2
232,천안,2024-07-27,27.3,25.3,32,4.6,1.1,25.5,1005.6,14.2,9.4,28.9
232,천안,2024-07-28,28.5,25.5,32.3,,1.4,24.2,1004.1,14.1,7.1,30.4
232,천안,2024-07-29,27.2,24.3,30.5,,1.6,23.8,1000.7,14.1,4.3,28.7
232,천안,2024-07-30,27.4,24.6,32.1,,.8,24,998.8,14.1,3.3,28.8
232,천안,2024-07-31,28.1,24.1,32.6,,.9,24.6,997.9,14.1,4.5,30.1
232,천안,2024-08-01,28.5,24.7,32.4,,.8,25.2,995.9,14,2.9,30
232,천안,2024-08-02,28.9,26.1,32.7,0,.9,25.9,995.6,14,5.1,30.5
232,천안,2024-08-03,29.3,25.8,34.2,,.8,25.4,998.5,14,3.4,32.1
232,천안,2024-08-04,29.7,24,35.1,,.8,25.1,998.9,13.9,2.9,32.6
232,천안,2024-08-05,27.9,23.2,33.9,21.7,1.2,24.7,999.1,13.9,6.6,31.4
232,천안,2024-08-06,27.4,23.1,32.4,,.8,24.1,998.7,13.9,6,29.7
232,천안,2024-08-07,28.3,24,33.7,,.8,24.1,997.3,13.8,4.6,31
232,천안,2024-08-08,26.5,23.5,29.8,,.6,23.9,996,13.8,7.4,29.2
232,천안,2024-08-09,27.3,22.8,32.8,,.7,23.5,995.4,13.8,1,30.5
232,천안,2024-08-10,27.6,23,33.2,,.9,24.3,994.4,13.7,4.4,30.3
232,천안,2024-08-11,28.4,24.8,33.5,,1,23.9,994,13.7,2.6,32.5
232,천안,2024-08-12,29.1,24,34.3,,.9,24.5,995.7,13.7,4,32.5
232,천안,2024-08-13,29,24.8,34.1,.6,1.2,24.3,998.9,13.6,4.3,33.6
232,천안,2024-08-14,28.6,24.8,33.9,8.3,1,24.1,998.9,13.6,4.5,32
232,천안,2024-08-15,28.1,24.1,33.6,0,1.1,23.4,998.8,13.6,3.8,32.3
232,천안,2024-08-16,28.3,23.2,33.6,,1.1,22.8,999.8,13.5,3.1,33.5
232,천안,2024-08-17,28.6,24.5,33.7,,1,23.4,1001.2,13.5,6.1,34.4
232,천안,2024-08-18,28,24.3,33.7,,1,23.9,1000.5,13.5,4,33.4
232,천안,2024-08-19,28.4,24.3,34.1,0,.9,23.3,999.4,13.4,3.3,35.3
232,천안,2024-08-20,28.5,25.2,34,5.8,1.7,24.8,999.9,13.4,6.8,34.6
232,천안,2024-08-21,27.5,26.1,31.1,22.1,1.3,26,999,13.4,8.3,28.1
232,천안,2024-08-22,27.2,25.2,31.2,2.8,1.4,25,996.3,13.3,7.1,29
232,천안,2024-08-23,25.2,22.8,30.6,5,.8,23.3,999.8,13.3,3.8,29.4
232,천안,2024-08-24,26.5,23.3,31,0,.6,23.9,1001.3,13.3,4.1,29.1
232,천안,2024-08-25,26.5,22.7,32.1,,.7,23.7,1000.1,13.2,3.8,29.7
232,천안,2024-08-26,26.6,22.8,30.8,,.5,24.1,997.8,13.2,7.5,28.7
232,천안,2024-08-27,25.3,23.7,26.9,.1,1.3,23.1,997.3,13.1,8.1,26.5
232,천안,2024-08-28,26.4,21,31.7,,2.3,20.4,999.3,13.1,.8,28.7
232,천안,2024-08-29,26.7,21.6,32.4,,2,20.8,997.3,13.1,1,30.3
232,천안,2024-08-30,26.5,21.2,32.3,,1,21.4,996.1,13,1,30
232,천안,2024-08-31,25.7,21.6,30.8,,.8,20.9,997.9,13,1.5,31.9
232,천안,2024-09-01,25.3,20.6,31.2,,.8,21.1,998.6,13,3.6,30.7
232,천안,2024-09-02,23.6,20.1,27.7,.1,.7,19.2,1000.3,12.9,7.4,26.6
232,천안,2024-09-03,25.7,22.2,30.7,,2.1,19.2,1002.7,12.9,5.8,30.5
232,천안,2024-09-04,24.6,18.2,31.6,,1,18.2,1000.7,12.8,2.8,30.1
232,천안,2024-09-05,25.6,21.3,31.3,.1,1.1,22,998.9,12.8,7.8,29.4
232,천안,2024-09-06,25,22.9,27.5,.9,1,22.8,1002,12.8,9.6,26.9
232,천안,2024-09-07,25.5,22,30.9,,.8,21.5,1004.3,12.7,3.9,29
232,천안,2024-09-08,25.5,20.2,31.6,,.6,20.9,1004.6,12.7,1.3,30.5
232,천안,2024-09-09,27.3,22.8,32.9,,1,22.5,1003.9,12.7,3.3,31.6
232,천안,2024-09-10,27.7,22.9,34.1,,.9,22.5,1004.3,12.6,.4,32.8
232,천안,2024-09-11,26.6,23.1,32.8,24.8,.7,23.8,1006.8,12.6,7.8,29.9
232,천안,2024-09-12,25.3,23.8,27.9,51.6,.9,24.5,1005.9,12.6,9.4,26.8
232,천안,2024-09-13,26.3,23.2,31.1,,.9,24,1000.4,12.5,9.3,27.8
232,천안,2024-09-14,26.9,24.1,31.5,.2,.6,24.6,997.4,12.5,6.6,28.8
232,천안,2024-09-15,27.9,23.8,32.9,,2,23.3,1000.5,12.4,4.6,28.7
232,천안,2024-09-16,26.9,23.4,31,,2.1,22.4,1006.2,12.4,7.6,27.4
232,천안,2024-09-17,28.3,24.2,33.6,,.7,24.7,1005.7,12.4,6.9,30
232,천안,2024-09-18,27.7,23.9,32.9,8.3,1,24.6,1004.8,12.3,6.8,29
232,천안,2024-09-19,27.2,23.2,31.7,,.8,24.7,1005.2,12.3,8.6,29
232,천안,2024-09-20,25.2,22.4,27.2,79.4,1,24.3,1001.2,12.2,10,26.8
232,천안,2024-09-21,19.7,19.1,23.4,152.5,2.7,18.7,997.4,12.2,9.9,22.2
232,천안,2024-09-22,20.2,16.7,24.2,.1,1.3,16.8,1003.1,12.2,6.4,22.2
232,천안,2024-09-23,19.7,16.1,24.8,,2.1,13.4,1008.5,12.1,1.6,21.9
232,천안,2024-09-24,18.9,13.6,25.9,,1.3,13.6,1007.1,12.1,2.9,21.9
232,천안,2024-09-25,21.8,16.5,27.5,,.8,18,1005.2,12,7.6,24.4
232,천안,2024-09-26,22.7,19,28.3,,.7,19.2,1003.8,12,5.6,25.1
232,천안,2024-09-27,21.2,17.4,27.5,,.6,17.6,1004.5,12,1.3,24.1
232,천안,2024-09-28,22.5,16.8,27.6,,2.2,17.1,1008.8,11.9,3.8,23
232,천안,2024-09-29,21.6,16.9,27.2,,1.8,16.3,1010.6,11.9,2.9,22.7
232,천안,2024-09-30,19.4,13.1,27,,.8,14.4,1006.7,11.8,3.1,22.3
232,천안,2024-10-01,16.6,13.6,20.1,3.1,.9,13.1,1003,11.8,8,19
232,천안,2024-10-02,12.8,7.8,19.5,,1,5.7,1009.3,11.8,3.8,17.6
232,천안,2024-10-03,11.6,6.7,17.5,4.2,.7,9.9,1012.6,11.7,6,15.4
232,천안,2024-10-04,13.6,8.7,21.7,,.7,10.3,1014.8,11.7,2.3,18.4
232,천안,2024-10-05,14.8,8.2,23,,.6,10.9,1013.7,11.7,5.1,17.6
232,천안,2024-10-06,14.9,11,18.3,0,.5,13.6,1011.2,11.6,9.9,17.5
232,천안,2024-10-07,16.3,13.2,20.5,.1,.4,13.9,1008.3,11.6,8.5,18.7
232,천안,2024-10-08,14.7,11.5,21.6,,.5,12.8,1007.7,11.5,3.3,18.2
232,천안,2024-10-09,16.2,9.8,23.2,,.9,12.3,1007,11.5,4.5,18.4
232,천안,2024-10-10,15.9,11.7,22.5,,1,12.5,1006.1,11.5,4.4,18.2
232,천안,2024-10-11,15.2,10.8,23.1,,.5,13,1009.2,11.4,2.6,18.7
232,천안,2024-10-12,14.9,9,23.3,,.6,11.5,1013.8,11.4,0,18.2
232,천안,2024-10-13,16,8.3,22.6,,1,12,1013.9,11.4,6.8,17.1
232,천안,2024-10-14,17,15,19.2,2.8,.9,15.9,1010.1,11.3,9.9,17.7
232,천안,2024-10-15,17.8,16,20.5,14.1,.4,17.4,1008.6,11.3,8.4,19.2
232,천안,2024-10-16,17.2,13.4,22.9,,.5,15.2,1013.2,11.2,5,20
232,천안,2024-10-17,17,12.4,24,,1.1,14.2,1012.7,11.2,4.8,19
232,천안,2024-10-18,18.3,15.8,19.9,62.1,1.2,17.3,1004.1,11.2,9.6,18.3
232,천안,2024-10-19,16.7,13.2,20.7,4.3,2,14.3,1009,11.1,9.5,18.2
232,천안,2024-10-20,12.7,8.5,17.3,,3.5,5.6,1020.5,11.1,3.8,14.1
232,천안,2024-10-21,13.6,6.6,19.1,.1,.8,10.8,1014.5,11,9.1,15.5
232,천안,2024-10-22,16.6,14.8,18.1,8.4,.9,16.1,1005.3,11,9.9,17.3
232,천안,2024-10-23,13.4,9.5,17.1,.4,2.6,9.1,1007.4,11,7.6,15.2
232,천안,2024-10-24,10.8,4.9,18.4,,.8,7,1013.1,11,0,13.8
232,천안,2024-10-25,12.7,4.7,20.9,,.7,8.9,1015.2,10.9,4.5,13.9
232,천안,2024-10-26,15.2,8.7,23.1,,1,11.5,1011.4,10.9,2.9,15.7
232,천안,2024-10-27,14.7,10.8,19.7,.1,.7,12.6,1005.2,10.8,9,15.8
232,천안,2024-10-28,14.8,10.2,18.7,,1.4,11.5,1005.9,10.8,6.9,15.8
232,천안,2024-10-29,14.3,10.3,19.7,0,1.1,9.3,1009.3,10.8,5.8,15.3
232,천안,2024-10-30,13.7,8.5,21.6,,.6,9.8,1013.2,10.7,1.1,14.9
232,천안,2024-10-31,12.9,6.4,21.7,,.6,9,1013.6,10.7,2.1,14.2
232,천안,2024-11-01,13,9.5,16.1,1.5,.8,10.9,1010,10.7,10,13.7
232,천안,2024-11-02,16.5,12.1,23.3,0,1.1,12.1,1008.5,10.6,3.3,16.3
232,천안,2024-11-03,15,8.9,22.7,,.8,11.4,1012.6,10.6,.1,15.3
232,천안,2024-11-04,13.9,7.2,20.4,.1,1,8.3,1011.3,10.6,5,14.9
232,천안,2024-11-05,9.1,4.5,15.1,,1.1,1.1,1012.7,10.5,5,11.3
232,천안,2024-11-06,5.6,-.1,13.2,,.9,-1.4,1016.9,10.5,0,8.6
232,천안,2024-11-07,5.8,-1.8,15.4,,.4,-.5,1020.3,10.5,0,8.2
232,천안,2024-11-08,8.5,-.1,17.8,,.4,4.1,1018.5,10.4,3.1,9.8
232,천안,2024-11-09,11,4.6,19.3,,.5,7.1,1016.9,10.4,3.5,11.4
232,천안,2024-11-10,12.1,7.4,20.3,,.5,8.2,1012.9,10.4,4.5,12.5
232,천안,2024-11-11,11.8,5.4,20.8,,.4,8.1,1010.6,10.3,2,12.2
232,천안,2024-11-12,12.3,7.3,18.6,,.8,7.1,1010.5,10.3,2.6,12.5
232,천안,2024-11-13,11.2,4.5,20.4,,.7,7.4,1012.9,10.3,3.3,11.9
232,천안,2024-11-14,13.4,9,19,0,.7,9.6,1011.1,10.2,8.6,13
232,천안,2024-11-15,13.9,10.4,20.1,6.1,1.2,10.4,1009.6,10.2,6.3,14
232,천안,2024-11-16,15.6,9,23.4,1.1,1,11.9,1007,10.2,5,14.7
232,천안,2024-11-17,8.3,3.1,15.5,0,1.7,-.9,1013.8,10.2,6.3,10
232,천안,2024-11-18,2.3,-2.5,7.5,,1.1,-11.4,1022.4,10.1,.8,4.6
232,천안,2024-11-19,3.7,-4.6,12.8,,.4,-1.9,1020,10.1,3.8,5.1
232,천안,2024-11-20,4.8,-1.7,9.6,.1,.2,1.3,1015,10.1,6.9,6.6
232,천안,2024-11-21,8.6,3.5,14.6,.1,.6,5.2,1010.9,10.1,6.5,9.1
232,천안,2024-11-22,6.3,-.6,10.8,,1.5,-2.3,1013.6,10,0,6.7
232,천안,2024-11-23,3.4,-2.6,12,,.5,-2.2,1017.8,10,2.1,5
232,천안,2024-11-24,4.4,-2.2,13.3,,.4,-.1,1019.7,10,.8,5.2
232,천안,2024-11-25,8.8,-1.3,16.2,0,2.1,2.3,1014.1,10,4.8,7
232,천안,2024-11-26,7.5,3.2,12.5,23.1,3,3.2,1003,9.9,8.9,7.9
232,천안,2024-11-27,.8,-.8,3.3,7.3,1.8,0,1002.3,9.9,7.8,2.9
232,천안,2024-11-28,1.5,-1.3,3.6,,.8,.9,1001.8,9.9,8.5,3.8
232,천안,2024-11-29,1.6,-3.3,5.3,.1,.9,-1.2,1003.6,9.9,6.6,3.4
232,천안,2024-11-30,3,-1.1,6.3,0,.7,.2,1006.2,9.9,5,3.3
232,천안,2024-12-01,5.4,-.7,11.9,0,.6,3.6,1006.4,9.8,5.6,6
232,천안,2024-12-02,6.9,.4,15.7,0,1.4,3.6,1006.8,9.8,.6,6.7
232,천안,2024-12-03,.9,-2.7,5,,1.2,-7.5,1013.7,9.8,4.6,2.8
232,천안,2024-12-04,1.8,-2.1,7,,.8,-4.8,1012.2,9.8,3.9,3.4
232,천안,2024-12-05,2.7,-3,8.1,2.7,.8,-.3,1007.8,9.8,6.3,3.6
232,천안,2024-12-06,2.4,-1.2,7.5,.8,1.1,-2.1,1011.4,9.8,3.4,4.1
232,천안,2024-12-07,.2,-4.7,5,0,1.2,-4.3,1014.2,9.7,4.3,2.4
232,천안,2024-12-08,-1,-5.6,4,,1.1,-7.2,1016.6,9.7,0,2
232,천안,2024-12-09,.3,-6.4,5.6,,.5,-4.3,1015.1,9.7,4.9,2
232,천안,2024-12-10,1.6,-3.7,7.7,,.7,-2.9,1014.1,9.7,4.8,2.7
232,천안,2024-12-11,1,-2.7,7.6,,.6,-3.8,1012.8,9.7,4.8,2.5
232,천안,2024-12-12,-.4,-6.2,5.6,,.8,-8.6,1014.8,9.7,4.6,1.2
232,천안,2024-12-13,.6,-2.8,4,,1.1,-7.9,1012.6,9.7,5.9,1.5
232,천안,2024-12-14,-1.2,-4.9,3.9,,1.2,-6.3,1015.2,9.7,3.5,.5
232,천안,2024-12-15,.8,-2,4.3,2.6,1.1,-3.2,1011.6,9.7,6.8,.8
232,천안,2024-12-16,.6,-5.2,5.1,.1,.7,-4.7,1012.7,9.7,5,1.6
232,천안,2024-12-17,-.3,-6,5,,.9,-6.6,1015.5,9.7,3.3,1.6
232,천안,2024-12-18,-3.1,-7.6,1,,1.2,-10.4,1016.8,9.7,1,.4
232,천안,2024-12-19,-3.5,-10.1,3.8,,.6,-9.6,1019.5,9.7,3.8,-.4
232,천안,2024-12-20,-.9,-5.2,3.4,.5,.5,-4.7,1012.8,9.6,8.3,.1
232,천안,2024-12-21,-.9,-4.9,1.8,6.3,1.4,-3.5,1009.7,9.7,5.1,.3
232,천안,2024-12-22,-4.2,-8.6,.9,,1.1,-11.1,1017.6,9.6,0,.8
232,천안,2024-12-23,-2.3,-10.1,4.6,,.3,-6.2,1017,9.7,3.8,.7
232,천안,2024-12-24,-1.3,-7.3,4.4,,.8,-7.5,1018.3,9.7,2.5,.1
232,천안,2024-12-25,.5,-5,6.5,.5,.5,-2.8,1015.8,9.7,8,.2
232,천안,2024-12-26,.8,-3.1,3.9,.5,1.8,-4.1,1015,9.7,2.4,1.7
232,천안,2024-12-27,-2.2,-6.6,1,.8,1.1,-8.9,1016.2,9.7,5,-.3
232,천안,2024-12-28,-3.2,-7.4,.2,.4,1.2,-8.2,1014.8,9.7,3.5,.5
232,천안,2024-12-29,-.1,-4.7,5.4,,.5,-2.7,1015.4,9.7,4.3,2.1
232,천안,2024-12-30,5.2,-.9,10,,1,.3,1009.5,9.7,7.3,3
232,천안,2024-12-31,.8,-5,5.9,,1.7,-8.1,1011.5,9.7,0,1.8
235,보령,2024-06-01,18.4,13.9,24.6,.4,.9,13.8,1010.1,14.5,3.9,23.9
235,보령,2024-06-02,17.8,11.9,24.4,,1.3,12.5,1009.3,14.5,3.1,24.9
235,보령,2024-06-03,19.3,12.5,25.5,,1.2,13.8,1008.9,14.5,.5,25.6
235,보령,2024-06-04,19.7,15,23.7,,1.5,15.5,1014.2,14.5,0,26.3
235,보령,2024-06-05,19.7,14.7,25.3,,.9,16.1,1016.6,14.5,5.6,25.5
235,보령,2024-06-06,20.1,15.8,26.8,,1,15.1,1015.2,14.6,4.9,26.5
235,보령,2024-06-07,20.4,14.2,26.5,0,.8,11.9,1012.1,14.6,8.3,25.1
235,보령,2024-06-08,20.8,18.4,24.7,1.2,1.8,17.5,1007.3,14.6,7,24.9
235,보령,2024-06-09,21.5,17.7,25.8,,1.5,17.3,1006.8,14.6,2.8,27.8
235,보령,2024-06-10,23.2,17.5,29,,3.4,17.6,1006.3,14.6,1,28.1
235,보령,2024-06-11,21.3,17.8,26.4,,2.5,18.4,1006.2,14.6,3.6,27.8
235,보령,2024-06-12,22.3,16,28.8,,1.5,15.9,1004.2,14.6,2.1,29.1
235,보령,2024-06-13,23.5,16.4,31.4,,1,16.3,1003.2,14.6,.9,30.1
235,보령,2024-06-14,23.7,18.7,30.1,,1.3,17.5,1003.9,14.6,4.8,29.4
235,보령,2024-06-15,23.4,20.4,28,0,1,18.8,1002.6,14.6,6.3,27.4
235,보령,2024-06-16,22.3,18.2,27.6,,.9,18.3,1005.9,14.6,2.6,30.6
235,보령,2024-06-17,21.5,15.9,27.1,,1,14.5,1006.6,14.6,5.9,26.5
235,보령,2024-06-18,22.8,16.4,30,,1.5,17,1006.1,14.6,0,30.2
235,보령,2024-06-19,24.7,17.7,32.6,,1.2,18.3,1006.8,14.6,4.8,31.1
235,보령,2024-06-20,24.4,18.7,31.4,,1.2,17.5,1002.8,14.7,6.6,29.6
235,보령,2024-06-21,24.9,19.7,30.4,,1.6,17.9,1001.1,14.7,7.3,31.6
235,보령,2024-06-22,23.4,22.5,25,50,2.5,21.9,996,14.6,9.6,24.4
235,보령,2024-06-23,23.4,20.5,27,2.3,2.4,21.4,998.2,14.6,7.9,26.2
235,보령,2024-06-24,22.7,18.6,26.9,,2.3,19.9,1003.2,14.6,7,25.5
235,보령,2024-06-25,21.6,16,26.4,,1.2,17.2,1010.2,14.6,6.8,25.8
235,보령,2024-06-26,22.6,17.9,29.1,,1,18,1013.5,14.6,3,27.7
235,보령,2024-06-27,23.1,18.3,29.6,,1.2,17.9,1009.9,14.6,6.3,25.5
235,보령,2024-06-28,23.9,19.2,28.9,,1.4,18.2,1006.1,14.6,2.3,29.6
235,보령,2024-06-29,25,21,30.2,31.4,3.3,21,1001.2,14.6,8.9,27.1
235,보령,2024-06-30,23.7,21.7,26.4,3.7,3.9,22.3,997.7,14.6,8.8,25.6
235,보령,2024-07-01,25,20.7,29.3,,1,21.5,1002.6,14.6,3.5,28.4
235,보령,2024-07-02,25.6,22.5,28.9,36.1,4.1,23.2,1001.5,14.6,9.8,24.8
235,보령,2024-07-03,24.6,23.2,26.7,,4.8,22.8,1007.8,14.6,8.1,26.5
235,보령,2024-07-04,26.4,22.7,31.2,0,4,23.1,1005.7,14.6,5.9,27.9
235,보령,2024-07-05,24.5,22.5,27.9,,2.6,20.8,1004.2,14.6,6.3,28.1
235,보령,2024-07-06,26.8,24.2,29.8,0,5.8,23.7,1002.3,14.6,9.1,27.6
235,보령,2024-07-07,24.6,23.8,26.3,86.8,3.8,23.8,1003.2,14.5,10,25.4
235,보령,2024-07-08,24.3,22.9,25.9,79.7,3.5,23.7,1002,14.5,9.8,25.2
235,보령,2024-07-09,24,23.3,25.1,39,2.5,22.8,1002.3,14.5,10,24.7
235,보령,2024-07-10,24.6,22.2,29.3,89.5,2.3,21.9,998.8,14.5,7.5,26.6
235,보령,2024-07-11,23.9,21.6,27.2,,.9,21.5,1001.1,14.5,5.4,26.5
235,보령,2024-07-12,24.6,20,29.6,,.8,21.4,1001.3,14.5,3.6,27.1
235,보령,2024-07-13,25.6,22.1,29.6,0,1.2,22.3,1004,14.4,2.8,28
235,보령,2024-07-14,26.8,23.5,32.7,46.7,1.6,23.2,1006.9,14.4,7.8,29.5
235,보령,2024-07-15,26.5,23.4,30.1,,1.5,22.9,1009.4,14.4,3,29
235,보령,2024-07-16,25.4,22.5,27.8,74,2.2,23.5,1008.7,14.4,9.8,26.3
235,보령,2024-07-17,27.5,23.9,30.6,.8,6.4,24.7,1006.8,14.4,9.4,27.7
235,보령,2024-07-18,25.8,24.2,27.8,52.1,6.4,24.2,1001.7,14.3,9.6,25.5
235,보령,2024-07-19,24.7,22.9,26.7,1.5,3,23.6,1004.5,14.3,7.8,26
235,보령,2024-07-20,26.3,23,30.7,7.4,4.2,24.1,1005.2,14.3,9.4,26.5
235,보령,2024-07-21,27.1,24.3,28.9,,4.6,24.9,1006.6,14.3,5.6,27.1
235,보령,2024-07-22,28.4,27.1,30.2,,5.9,24.9,1004.7,14.2,8.6,27.8
235,보령,2024-07-23,26.7,24.7,27.8,23.2,4.1,25.5,1003.8,14.2,8.6,26.7
235,보령,2024-07-24,28.2,26.2,31.2,2.6,3.4,26.3,1003.4,14.2,2.8,29.5
235,보령,2024-07-25,29.5,25.3,35.3,8.9,1.6,25.1,1004.5,14.2,5.6,30.8
235,보령,2024-07-26,29.7,27.3,33.8,.2,2.2,24.6,1007.9,14.1,7.5,29.6
235,보령,2024-07-27,29.3,26.5,33,8.8,2.8,25.3,1012.5,14.1,8.4,30.2
235,보령,2024-07-28,29.3,27.6,32.4,,4.8,24.9,1011.4,14.1,7.3,29.7
235,보령,2024-07-29,27.8,26.7,30.3,0,4.8,25.5,1008.8,14.1,3.5,28.4
235,보령,2024-07-30,28.1,26.3,30.5,,4.1,25.4,1006.7,14,4,29.5
235,보령,2024-07-31,29,26.6,31.9,,3.3,25.7,1005.4,14,1.1,31.5
235,보령,2024-08-01,29.1,27.4,31.7,0,3.4,26,1003.6,14,4,31.8
235,보령,2024-08-02,29.3,27.5,31.6,,2.8,26.7,1003.4,14,4,31.6
235,보령,2024-08-03,29.7,27.1,33.8,,1.4,26.7,1006.1,13.9,2.9,33.2
235,보령,2024-08-04,29.5,25.7,34.2,,1.3,25.6,1006.3,13.9,1.4,33.9
235,보령,2024-08-05,29.5,26.1,34.2,,1.7,25.9,1006,13.9,6.6,33.7
235,보령,2024-08-06,29.5,25.4,35,,1.4,25,1006.1,13.8,5.8,34
235,보령,2024-08-07,29.7,25.8,35.2,,1.1,25.1,1004.9,13.8,2.1,36
235,보령,2024-08-08,26.4,24.2,29.6,7.4,.9,24.6,1003.8,13.8,7.6,28.7
235,보령,2024-08-09,27.9,24.1,32.9,,1.2,24.5,1003,13.7,.8,31.9
235,보령,2024-08-10,28.8,24.6,33.8,,1.4,24.7,1001.8,13.7,5.6,33.2
235,보령,2024-08-11,29.7,25.4,34.3,,1.8,24.2,1001.1,13.7,2.1,35.2
235,보령,2024-08-12,30,25.8,35.2,,1,24.9,1003.1,13.7,.9,35.9
235,보령,2024-08-13,30.7,26.8,36.4,.9,1.6,25.6,1006.1,13.6,2.4,36.2
235,보령,2024-08-14,29.5,25.6,35.4,0,1.2,25.3,1006.2,13.6,4.5,34.9
235,보령,2024-08-15,28.3,24.5,33.7,22.9,1.4,24.7,1006.1,13.5,4,33.1
235,보령,2024-08-16,27.8,24.6,32.9,40.6,1.1,25,1007.1,13.5,5.5,30.5
235,보령,2024-08-17,27.9,24.9,33.3,4.9,1,25.5,1008.8,13.5,6.5,30.5
235,보령,2024-08-18,28,25.1,33.5,19.4,1.2,25.1,1008.1,13.5,4.9,31.4
235,보령,2024-08-19,28.9,24.9,33.9,,1.2,25.5,1006.6,13.4,4.3,31.4
235,보령,2024-08-20,30.5,26.2,35.8,11,1.5,25.8,1006.4,13.4,5.4,31.8
235,보령,2024-08-21,29.1,27,32,40.9,4.7,26.3,1005.7,13.3,8.5,29.1
235,보령,2024-08-22,28.2,25.3,31,1.6,3.6,25.2,1003.6,13.3,6.8,28.1
235,보령,2024-08-23,27.8,24.3,31.1,,2.4,25.6,1007.3,13.3,2.3,29.5
235,보령,2024-08-24,27.9,24.5,31.9,0,1.3,24.6,1008.8,13.2,2.6,30.4
235,보령,2024-08-25,27.7,24.9,32.9,,1.4,24.1,1007.5,13.2,3,30.3
235,보령,2024-08-26,28,24.4,32,,1.1,24.6,1005.2,13.2,7.1,30.3
235,보령,2024-08-27,26.8,24.9,28.7,.1,2.6,24.1,1003.9,13.1,8,27.4
235,보령,2024-08-28,28.6,23.9,33.9,,2.6,21.1,1005.6,13.1,.5,30
235,보령,2024-08-29,28.6,24.2,33.4,,3.2,21.6,1004.1,13.1,.5,31
235,보령,2024-08-30,27.8,23.3,34,,2,22.1,1003.9,13,0,31.8
235,보령,2024-08-31,26.2,22.2,31.9,,.7,22.2,1005.6,13,.6,30.7
235,보령,2024-09-01,25.9,22.6,30.8,,1.4,22.5,1006.3,13,4.9,30.9
235,보령,2024-09-02,24.6,21.7,28.2,.4,1.2,21.2,1007.4,12.9,6.5,25.9
235,보령,2024-09-03,27.7,23.1,33.1,0,1.4,21.4,1009.4,12.9,5.5,30.5
235,보령,2024-09-04,26.7,23.2,32.5,,1.4,20.5,1007.8,12.8,2,31.2
235,보령,2024-09-05,26.3,22.8,29.6,5.8,2,23.4,1006.7,12.8,5.8,29.5
235,보령,2024-09-06,25.8,23,28.1,,.7,23.6,1009.5,12.8,8,27.5
235,보령,2024-09-07,26,22.1,31.7,,1,22.1,1012,12.7,1.3,29.1
235,보령,2024-09-08,25.6,20.3,31,,1,21.5,1012.3,12.7,.3,29.4
235,보령,2024-09-09,27.7,22.6,33.6,,1.1,22.8,1011.4,12.6,1.8,31.3
235,보령,2024-09-10,29.2,24.3,34.9,,1.4,24.1,1011.6,12.6,.9,32.6
235,보령,2024-09-11,27.5,25.5,33.5,24.7,1.7,24.2,1013.9,12.6,7.4,29.6
235,보령,2024-09-12,27.6,25.5,30.3,23.6,1,25.5,1012.8,12.5,9.6,28.5
235,보령,2024-09-13,27.8,24.8,31.3,,2.3,24.8,1007.8,12.5,7.9,28.9
235,보령,2024-09-14,28.1,25.3,32.5,2.1,1.4,25.4,1004.8,12.5,4.8,30
235,보령,2024-09-15,29.4,24.6,34.7,,1.6,24.8,1007.2,12.4,3.1,30
235,보령,2024-09-16,29.4,24.5,34.1,0,1.5,23.9,1012.7,12.4,6.1,29.1
235,보령,2024-09-17,29.8,26.5,35.2,,1,24.9,1013.1,12.3,5,31
235,보령,2024-09-18,29.6,26,34.8,,1,24.8,1012.1,12.3,5.8,31.5
235,보령,2024-09-19,30.1,25.4,37.1,,1.3,24.2,1012,12.3,7.8,31.1
235,보령,2024-09-20,27,25.4,30.2,41.9,2.6,24.9,1007.9,12.2,10,27.7
235,보령,2024-09-21,22.5,20.1,26.5,136.4,3.2,21.4,1003.9,12.2,8.9,24.9
235,보령,2024-09-22,21.9,18.3,26.8,,3.4,17.3,1010,12.2,4.3,23.2
235,보령,2024-09-23,22,18.3,26.5,,2.5,14.5,1015.1,12.1,2,22.3
235,보령,2024-09-24,22,16.8,28.3,,1.4,15,1014.1,12.1,5.9,22.8
235,보령,2024-09-25,23.5,19.6,29.3,,1.1,18.6,1012.4,12,6.6,25.2
235,보령,2024-09-26,23.6,20.6,29.3,,1.5,19.7,1011.5,12,5,25.8
235,보령,2024-09-27,22.9,18.6,29.2,,1.2,18.7,1012.1,12,2.6,25.7
235,보령,2024-09-28,24.7,19.3,30.9,,1.9,18,1015.3,11.9,1.3,24.7
235,보령,2024-09-29,24.7,21.3,30,,2,16.4,1017.2,11.9,2.3,25.7
235,보령,2024-09-30,22,16.6,29.2,,1.3,14.6,1014,11.9,3.4,25.7
235,보령,2024-10-01,18.2,14.4,22.3,7.3,1.9,13.4,1011.2,11.8,7.6,18.7
235,보령,2024-10-02,14.7,10.4,20.3,,2.1,6.7,1017.4,11.8,2.9,16.6
235,보령,2024-10-03,13.5,9.1,20.9,.9,1.8,8.9,1020.4,11.7,4.8,14.4
235,보령,2024-10-04,17,10.3,24.5,,1.9,10.5,1022.2,11.7,0,19.8
235,보령,2024-10-05,18,13,24.6,,1.8,11.9,1021,11.7,4,20
235,보령,2024-10-06,17.2,14.9,19.5,.2,1.2,14.1,1018.7,11.6,10,17.6
235,보령,2024-10-07,17.2,14.6,20.7,1.4,.9,14.6,1016.2,11.6,8.8,18.8
235,보령,2024-10-08,17.6,13.7,24.1,,1.2,13.9,1015.3,11.5,2.4,20.4
235,보령,2024-10-09,18.2,13,25.1,,1.3,13.6,1014.1,11.5,3.5,20.3
235,보령,2024-10-10,17.9,13.5,24.4,4.6,1.2,13.8,1013.6,11.5,2.8,20.7
235,보령,2024-10-11,18.5,13.3,25.6,,1.1,14,1016.8,11.4,.5,20.1
235,보령,2024-10-12,18.2,13.8,25.2,,1.5,12.9,1021.3,11.4,0,20.7
235,보령,2024-10-13,18.4,12.7,24.7,,1.4,13,1020.9,11.4,7,19.2
235,보령,2024-10-14,18.1,16.6,19.6,13.6,1.5,16.1,1017,11.3,10,18.2
235,보령,2024-10-15,19.7,17.6,22.5,2,.9,18.5,1016,11.3,8,20.7
235,보령,2024-10-16,18.1,14.4,23.9,,1.2,16.1,1020.7,11.2,6.1,19.5
235,보령,2024-10-17,20.1,14.3,26.3,,1.7,14.8,1019.5,11.2,5.8,20
235,보령,2024-10-18,21,17.2,23.3,20.2,2.9,19.1,1011.1,11.2,8.9,19.9
235,보령,2024-10-19,17.8,14.7,22.6,.3,3.5,14.9,1016.5,11.1,7.3,19
235,보령,2024-10-20,14.6,11.9,19.1,,3.4,5.7,1026.8,11.1,2.3,14.7
235,보령,2024-10-21,16.2,10.9,21.5,0,1.9,10.8,1021.4,11.1,9,16.3
235,보령,2024-10-22,17.8,16.1,19.8,7.4,1.3,15.9,1013.1,11,9.9,18.1
235,보령,2024-10-23,14.2,9.4,18.8,0,1.5,8.9,1016.6,11,5.6,16.4
235,보령,2024-10-24,12.5,6.9,18.9,,2.1,7.7,1020.9,11,0,14
235,보령,2024-10-25,15.6,9.7,22.3,,1.4,10.2,1022.3,10.9,5,15.4
235,보령,2024-10-26,17.3,12.4,24.6,,1.5,12.8,1018.6,10.9,0,18.2
235,보령,2024-10-27,16.1,12.9,19.8,.4,.9,13.3,1013,10.9,9,16.6
235,보령,2024-10-28,15.9,11.2,20,,1.5,11.5,1013.2,10.8,5.8,16.7
235,보령,2024-10-29,16.5,13.6,21.6,,1.2,10.5,1016.6,10.8,5.4,17.6
235,보령,2024-10-30,15.9,11.7,22.2,,1.7,10.8,1021,10.8,.4,17
235,보령,2024-10-31,16,9.9,23.8,,1.2,10.4,1021,10.7,2.4,16.9
235,보령,2024-11-01,14.9,13.2,16.2,2.4,2.3,10.8,1016.7,10.7,10,14.5
235,보령,2024-11-02,17.9,14.7,23.7,,2.4,11.9,1015.9,10.6,3.3,17.4
235,보령,2024-11-03,16.6,12.2,23.1,,1.6,12.9,1020.2,10.6,.9,16.6
235,보령,2024-11-04,16,8.5,21.8,.6,1.6,10.6,1019.7,10.6,4.4,17
235,보령,2024-11-05,9.9,6,16.3,,1.4,2.5,1021.4,10.6,2.5,12
235,보령,2024-11-06,8,3.4,14.9,,1.4,.8,1025.2,10.5,0,10.8
235,보령,2024-11-07,7.9,1.7,16.8,,1.5,.9,1028.1,10.5,0,9.8
235,보령,2024-11-08,10.3,3.9,19.2,,1.6,2.7,1026.2,10.5,.5,10.9
235,보령,2024-11-09,13.1,6.6,20.6,,1.5,7.7,1024.4,10.4,4.4,12.5
235,보령,2024-11-10,14.7,10.1,22.7,,1.3,9.9,1020.5,10.4,5.1,15.3
235,보령,2024-11-11,13.8,8.3,22,,1.2,9.5,1018.7,10.4,2.5,14.3
235,보령,2024-11-12,14.4,9.9,20.6,,1.2,9,1018.6,10.3,2.5,15.4
235,보령,2024-11-13,13.6,8.1,21,,1.6,8.7,1020.4,10.3,3.5,13.7
235,보령,2024-11-14,15,11.3,20.7,.4,1.1,10.3,1018.5,10.3,9.1,14.1
235,보령,2024-11-15,15.5,12.8,22.2,7,1.7,11.7,1016.4,10.3,6.4,15.6
235,보령,2024-11-16,17.1,12.4,22.6,1,1.4,12.2,1015.1,10.2,7.1,16.1
235,보령,2024-11-17,9.5,4.7,15.3,,3.4,0,1022.7,10.2,6.1,9.7
235,보령,2024-11-18,3.8,-.7,8.8,,3.2,-7.8,1030.8,10.2,1.1,4.8
235,보령,2024-11-19,4.5,-2.2,13.1,,1.4,-3.8,1028.1,10.1,4.1,4.4
235,보령,2024-11-20,7.4,1.4,14,.2,1.2,2.2,1023.1,10.1,6.9,7.4
235,보령,2024-11-21,11.3,6.4,16.5,,1.1,6.2,1019.3,10.1,5.8,10.3
235,보령,2024-11-22,7.4,1.8,13.3,,1.9,-.7,1022.2,10.1,.1,7.7
235,보령,2024-11-23,5.9,.1,12.9,,1.8,-2.1,1025.7,10,2.1,5.9
235,보령,2024-11-24,7,1.6,14.9,,1.4,.8,1027.4,10,1,6.4
235,보령,2024-11-25,12,4.7,18.1,.8,2.1,3.9,1020.8,10,7.1,10
235,보령,2024-11-26,8.8,6.2,11.9,19.5,2.8,2.2,1012.6,10,8.9,9.2
235,보령,2024-11-27,5.2,3.1,8.3,1.2,3.2,-4,1011.5,10,8.6,4.9
235,보령,2024-11-28,5.4,2.2,10.1,7.3,2.6,0,1010.5,9.9,8.9,5
235,보령,2024-11-29,3.3,.8,6.6,8.6,1.3,1.8,1012.1,9.9,8.4,5.4
235,보령,2024-11-30,6,-.3,13.9,,1.3,2.3,1014.4,9.9,4,5.7
235,보령,2024-12-01,9.6,5.2,13.9,,1.6,5.5,1013.8,9.9,4.9,7.7
235,보령,2024-12-02,9.8,3.8,16.6,,2.7,5.6,1015.5,9.9,1.9,8.6
235,보령,2024-12-03,2.4,-.8,6.6,,2,-6.1,1022.2,9.9,5.8,3.2
235,보령,2024-12-04,4.2,1.3,9.3,.4,1.7,-2.1,1020.3,9.8,5.1,4.9
235,보령,2024-12-05,6.9,2.7,11.4,1.5,1.4,1.2,1016.2,9.8,7.6,6.3
235,보령,2024-12-06,5.2,2.2,10.2,.2,1.7,-1.7,1019.8,9.8,5.9,6
235,보령,2024-12-07,2,-.1,4.5,.4,1.6,-1.9,1022.9,9.8,7.3,3
235,보령,2024-12-08,1.9,-1.7,6.3,.1,2.1,-4.8,1025.2,9.8,3.6,2.2
235,보령,2024-12-09,3,-1.8,6.3,,1.2,-1.8,1023.1,9.8,8,3.3
235,보령,2024-12-10,4.7,1.4,9.5,,1.6,-1.6,1022.4,9.8,5.6,4.1
235,보령,2024-12-11,2.7,-.7,9,,1.2,-2.7,1021.4,9.7,4.1,3.5
235,보령,2024-12-12,1.2,-3,6.6,,1.4,-5.7,1023.7,9.7,4.4,1.6
235,보령,2024-12-13,1.2,-.5,3,.9,1.4,-3.6,1021.2,9.7,7.3,2.2
235,보령,2024-12-14,1.6,-1.2,5.1,3,1.7,-3.6,1023.9,9.7,7.9,1.8
235,보령,2024-12-15,4,1.1,6.4,3.1,1.8,-1,1020.4,9.7,8.6,3.4
235,보령,2024-12-16,3,-1.6,7.1,2,1.5,-1.7,1020.9,9.7,6.8,2.9
235,보령,2024-12-17,2.4,-1.7,7.5,0,1.8,-3.8,1023.8,9.7,5.8,3.1
235,보령,2024-12-18,-1.2,-5.8,3,,2.6,-7.5,1025.5,9.7,4.5,1.3
235,보령,2024-12-19,-1.4,-7.5,5.9,,1.2,-8.9,1027.8,9.7,3.1,-.3
235,보령,2024-12-20,2.2,-1.7,5,1.4,1.5,-2.7,1020.7,9.7,9.8,1.1
235,보령,2024-12-21,2,-1,5.2,.8,2.5,-3.1,1019.1,9.7,7.5,2
235,보령,2024-12-22,-1.1,-3.6,3.6,,2.7,-7.8,1026.5,9.7,.4,-.6
235,보령,2024-12-23,1.6,-4.1,8.3,.1,1.3,-2.3,1025.4,9.7,3.9,1.1
235,보령,2024-12-24,.9,-2.9,7,,1.2,-4.1,1026.8,9.7,2.9,1.4
235,보령,2024-12-25,4.3,-.9,9.5,1,1.6,-.9,1024,9.7,7,3.6
235,보령,2024-12-26,2.8,-.6,6.6,0,2.2,-3.6,1024.3,9.7,6.3,2.2
235,보령,2024-12-27,.4,-2.1,3.8,3.6,2,-5.4,1024.7,9.7,7.9,2
235,보령,2024-12-28,-.5,-2.8,1.8,,2,-4.5,1023.4,9.7,8.1,1.8
235,보령,2024-12-29,3.5,-.7,8.2,,1.7,-1.5,1023.4,9.7,7.3,3.8
235,보령,2024-12-30,7.9,4.8,11.5,,3,2,1017.9,9.7,7.5,5.9
235,보령,2024-12-31,2.1,-2.7,6.6,,2.1,-6.8,1020.4,9.7,.3,2.5
236,부여,2024-06-01,19.8,14.6,25.8,,2,12.9,1009.7,14.5,3.5,25.7
236,부여,2024-06-02,19,11.7,26.7,,1.2,12,1009.1,14.5,3.5,24.7
236,부여,2024-06-03,20.1,11.3,28.2,,.9,12.4,1009.1,14.5,.3,27.1
236,부여,2024-06-04,20.5,14.4,28.4,,1.1,13.4,1014.2,14.5,0,28.2
236,부여,2024-06-05,21.4,15.4,28.7,,1.1,16.3,1016.6,14.5,5.5,26.9
236,부여,2024-06-06,21.2,16.3,29.1,,1,15.2,1015.1,14.5,4.3,28.2
236,부여,2024-06-07,21.5,14.3,28,0,.9,14.3,1012.2,14.6,8.6,26.8
236,부여,2024-06-08,20.8,17.5,26.3,2.2,1,17.9,1007.6,14.6,8,25.4
236,부여,2024-06-09,22.5,18.1,29.4,,1.1,18,1006.6,14.6,3.6,29.4
236,부여,2024-06-10,23.2,17.4,30.4,,1.4,17.4,1006.7,14.6,1.3,30
236,부여,2024-06-11,23.6,18.5,30.8,,1.2,17.1,1006.1,14.6,2.4,30.9
236,부여,2024-06-12,24.1,15.8,32.6,,1.1,15,1004.3,14.6,2.4,31.8
236,부여,2024-06-13,25.1,16,33.8,,1,14.9,1003.2,14.6,1.1,32.7
236,부여,2024-06-14,25,17.7,32.3,,1.3,16.9,1004,14.6,5.8,32.2
236,부여,2024-06-15,24.1,20.1,28.6,.5,1.3,19.2,1002.5,14.6,5.8,29.3
236,부여,2024-06-16,23.4,18,30.1,,1.4,16.4,1005.6,14.6,2.3,32
236,부여,2024-06-17,21.8,15.2,28.4,,.7,15.3,1006.8,14.6,6.4,27.9
236,부여,2024-06-18,23.2,13.8,33.7,,.8,16.1,1006.1,14.6,.4,31.9
236,부여,2024-06-19,25.3,16.9,35.8,,.9,16.5,1006.9,14.6,5,32.2
236,부여,2024-06-20,24.2,17.2,31.2,,.7,16.3,1003.1,14.6,6.9,31.1
236,부여,2024-06-21,25.2,17.4,31.6,0,1.2,17.4,1001.3,14.6,7,32.5
236,부여,2024-06-22,23.1,21.7,24.5,17,.9,22,996.5,14.6,9.6,25.3
236,부여,2024-06-23,24.4,21.9,29.2,.5,1.5,21.6,998.1,14.6,7.3,27.6
236,부여,2024-06-24,24.4,18.8,29.1,,2.1,19.5,1003,14.6,6.1,28.4
236,부여,2024-06-25,21.6,15.9,28.7,,1.1,16.2,1010.2,14.6,6.5,26.4
236,부여,2024-06-26,23.4,16.8,30.6,,.8,17.2,1013.6,14.6,3.4,30
236,부여,2024-06-27,23.2,17.9,28.6,,.7,18.3,1010.4,14.6,6.1,27.3
236,부여,2024-06-28,24.8,18.5,31.8,,1,17.6,1006.1,14.6,1.8,32.1
236,부여,2024-06-29,24.3,20.4,29,65.1,2.8,21.3,1002.1,14.6,8.4,27.6
236,부여,2024-06-30,24.4,21.8,28,5.9,2.6,22.5,997.8,14.6,8.8,26.6
236,부여,2024-07-01,25.3,20.5,31.3,,1,21.4,1002.7,14.6,4.1,28.8
236,부여,2024-07-02,25,21.7,29.3,86.4,1.5,23.3,1002.3,14.6,10,25.6
236,부여,2024-07-03,25.5,22.4,29.1,3.5,2,22.3,1007.9,14.6,6.4,28
236,부여,2024-07-04,27.3,22.8,32,1.1,1.6,23,1006,14.6,4,29
236,부여,2024-07-05,25.4,22.6,29.6,0,2.1,20.5,1004.3,14.6,7.3,29.1
236,부여,2024-07-06,27.3,22.5,31.7,,3.2,23.6,1002.8,14.5,8.3,28.4
236,부여,2024-07-07,25.7,24.2,27.7,21.9,1.3,24.8,1003.4,14.5,9.9,26.8
236,부여,2024-07-08,24.7,22.7,26.7,96.7,.8,24.3,1004.8,14.5,10,26.1
236,부여,2024-07-09,23.8,22.4,24.6,42.4,.7,23.2,1003.1,14.5,9.8,25.4
236,부여,2024-07-10,23.9,21.7,27.4,135.6,1.2,22.2,999,14.5,7.5,27
236,부여,2024-07-11,23.9,21,27.2,,.6,21.8,1001.1,14.5,6.9,26.4
236,부여,2024-07-12,25.5,21.6,31,.1,.8,22.1,1001.3,14.4,3.9,28.7
236,부여,2024-07-13,25.9,21.3,30.8,,.4,22.6,1004.2,14.4,2.4,29.2
236,부여,2024-07-14,26.1,23.1,31.7,1.5,.8,22.9,1007.4,14.4,7.5,30.1
236,부여,2024-07-15,26.8,23.5,31.9,0,.7,22.8,1009.7,14.4,4.4,29.4
236,부여,2024-07-16,24.5,22.5,26.5,107.3,.5,23.8,1009.3,14.4,8.5,26.9
236,부여,2024-07-17,27.2,22.6,31.2,.5,1.1,24.2,1007.5,14.4,9.8,28
236,부여,2024-07-18,25.9,23.9,27.6,17.8,1.7,23.8,1002.2,14.3,9.6,26.3
236,부여,2024-07-19,25.1,23.2,28.6,1.4,.6,23.8,1004.8,14.3,7.3,27.4
236,부여,2024-07-20,26.3,22.6,31.4,25.4,1.1,24.1,1006,14.3,8.3,28.2
236,부여,2024-07-21,27.5,23.9,31.5,3.3,1,24.8,1006.9,14.3,5,28.9
236,부여,2024-07-22,28.8,25.1,31.6,,1.4,24.7,1005.3,14.3,8.1,29.9
236,부여,2024-07-23,26.9,25.3,28.6,4.2,.7,25.3,1004.2,14.2,8.4,28.2
236,부여,2024-07-24,28.3,25.3,33.2,1.4,.8,25.5,1003.7,14.2,1.9,30.9
236,부여,2024-07-25,27.9,24.2,34.2,14,.5,24.9,1005.1,14.2,6.1,31.7
236,부여,2024-07-26,27.8,24.6,33.6,2.5,.8,25.4,1008.7,14.2,8.3,29.9
236,부여,2024-07-27,28.6,25.4,33,1.9,.7,25.9,1013.2,14.1,8.1,30.6
236,부여,2024-07-28,29.2,25.6,33.9,,1,24.9,1011.9,14.1,7,31.4
236,부여,2024-07-29,28.1,25.9,31.6,,1,24.5,1009.1,14.1,2.6,30.5
236,부여,2024-07-30,28.5,25.8,31.9,,.9,24.5,1007,14,1.9,31.4
236,부여,2024-07-31,28.6,25.2,33.3,,.7,25.3,1005.8,14,2.3,31.8
236,부여,2024-08-01,29.4,25.8,33.5,,.6,25.6,1003.8,14,3,33.5
236,부여,2024-08-02,29.5,26.3,33.5,,.7,26.3,1003.7,14,4.1,33.1
236,부여,2024-08-03,29.9,26.7,34.7,0,.4,26.3,1006.2,13.9,4.4,33.8
236,부여,2024-08-04,29.7,25.1,35.5,,.4,25.9,1006.5,13.9,2.3,35
236,부여,2024-08-05,27.7,24.4,34.1,3.8,.7,25.4,1006.8,13.9,7.4,31.5
236,부여,2024-08-06,27.8,23.7,33.6,3.9,.6,25,1006.4,13.8,6.5,30.8
236,부여,2024-08-07,28.9,25.1,34.6,,.4,25.3,1004.9,13.8,3.4,32.5
236,부여,2024-08-08,26.3,24.2,29,.3,.3,24.7,1004.1,13.8,7.8,29.8
236,부여,2024-08-09,28.1,24.3,33.9,,.4,24.4,1003.1,13.7,.9,32.9
236,부여,2024-08-10,28.8,24.9,34.5,,.5,24.6,1002.1,13.7,5.9,32.9
236,부여,2024-08-11,29.3,24.4,34.6,,.5,24.2,1001.5,13.7,1.3,34.7
236,부여,2024-08-12,29.4,24.9,35.5,,.4,25.2,1003.3,13.6,1.6,32.8
236,부여,2024-08-13,29.5,25.5,35.3,.3,.8,24.2,1006.5,13.6,3.5,34.3
236,부여,2024-08-14,29.2,24.5,35,,.6,23.4,1006.5,13.6,2.8,34.4
236,부여,2024-08-15,28.5,24.5,34.7,,.5,23.9,1006.4,13.6,3.3,34.1
236,부여,2024-08-16,28.6,23.8,34.8,,.6,23.8,1007.4,13.5,4.4,34.6
236,부여,2024-08-17,28.7,24.4,34.5,1,.6,24.3,1009.1,13.5,6.1,33.7
236,부여,2024-08-18,27.6,24.2,34,0,.5,24.4,1008.5,13.4,5.8,32.5
236,부여,2024-08-19,29,23.6,34.6,0,.5,24.2,1007,13.4,3.4,34.6
236,부여,2024-08-20,29.9,26,35.7,13.2,.7,25.7,1007.2,13.4,5.8,34.6
236,부여,2024-08-21,28.9,27,32.4,3.1,1.3,26.1,1006.5,13.3,8.4,29.8
236,부여,2024-08-22,27.3,24.3,31.2,12.8,.9,25.4,1004.3,13.3,6.1,29.6
236,부여,2024-08-23,27.5,23.2,32.6,,.6,24.5,1007.7,13.3,1.9,30.3
236,부여,2024-08-24,27.3,23.2,32.8,2.2,.4,24.3,1009.2,13.2,4,30.8
236,부여,2024-08-25,27.2,23.8,32.5,0,.3,24.8,1007.9,13.2,4.5,30.4
236,부여,2024-08-26,27.5,24.3,32.4,,.4,24.7,1005.5,13.2,6.9,30.5
236,부여,2024-08-27,26.3,24.4,28.4,.2,.7,23.9,1004.5,13.1,8.3,28.5
236,부여,2024-08-28,27.2,22.4,32.4,,1.2,21.1,1006.4,13.1,.4,30.2
236,부여,2024-08-29,28.3,23.3,33.9,,1,21.3,1004.4,13.1,1,31.4
236,부여,2024-08-30,27.7,22.1,34.1,,.8,21.8,1003.9,13,.3,31.8
236,부여,2024-08-31,26.3,20.6,32.4,,.4,21.8,1005.8,13,1.4,31
236,부여,2024-09-01,26.3,22.3,32,,.6,22.2,1006.5,12.9,4.5,31.8
236,부여,2024-09-02,23.9,21.6,26.5,.7,.3,21.8,1008.1,12.9,7.4,27.4
236,부여,2024-09-03,26.9,22.1,31.6,,.7,21.1,1010,12.9,6,30
236,부여,2024-09-04,26.6,21,33,,.6,19.8,1008.2,12.8,2.6,31.3
236,부여,2024-09-05,25.8,21.6,31.6,0,.6,22.9,1007.1,12.8,6.8,31.3
236,부여,2024-09-06,25.2,24,27.8,4.1,.2,23.8,1009.9,12.8,9,28.2
236,부여,2024-09-07,26.1,22.3,32.2,,.5,22.7,1012.2,12.7,3,29.8
236,부여,2024-09-08,25.5,20.8,32.6,,.4,21.7,1012.5,12.7,3.4,29.7
236,부여,2024-09-09,27.8,22.4,34.4,,.4,23,1011.6,12.7,2.6,31.4
236,부여,2024-09-10,29.1,23.7,35.5,,.5,23,1011.9,12.6,.3,32.4
236,부여,2024-09-11,26.9,24.2,34.1,5.5,.4,24.4,1014.5,12.6,8.4,31.4
236,부여,2024-09-12,26.3,24.7,30.4,1.7,.4,25,1013.4,12.5,8.9,27.9
236,부여,2024-09-13,27.2,24,32.9,,.6,24.2,1008.3,12.5,7,30.4
236,부여,2024-09-14,28.6,24.8,33.9,,.6,24.3,1005,12.5,4,33.8
236,부여,2024-09-15,29.7,24.1,35.3,,.8,23.9,1007.7,12.4,3.5,35.5
236,부여,2024-09-16,28.3,24.5,32.5,,.8,23.2,1013.5,12.4,6.4,32.6
236,부여,2024-09-17,29.5,24.9,35.6,0,.5,24.9,1013.3,12.4,5.3,35.6
236,부여,2024-09-18,27.9,24.1,34.8,3.5,.6,24.6,1012.6,12.3,6,34.7
236,부여,2024-09-19,28.4,24,34.8,,.3,24.6,1012.7,12.3,7.1,32
236,부여,2024-09-20,25.9,24.3,27.5,37.5,.6,25.1,1008.6,12.2,10,27.4
236,부여,2024-09-21,22.8,20.4,26.7,109.6,.9,22.1,1004.3,12.2,9.1,24.9
236,부여,2024-09-22,22.2,18.2,27,,1,17.5,1010.4,12.2,4,25.4
236,부여,2024-09-23,21,16.7,26.7,,1.1,14.3,1015.9,12.1,2,24.5
236,부여,2024-09-24,20.6,15.5,27.4,,.8,14.4,1014.7,12.1,4.1,24.4
236,부여,2024-09-25,22.6,18.4,28.4,,.4,18.1,1013,12,6.4,25.8
236,부여,2024-09-26,23.2,19.4,29.1,,.5,19.8,1011.9,12,5.5,25.9
236,부여,2024-09-27,22.4,17.5,28.8,,.5,18.2,1012.3,12,2.1,25.6
236,부여,2024-09-28,23.8,19.1,29.5,,1.3,17.9,1016.1,11.9,1.3,26.6
236,부여,2024-09-29,22.7,17.6,28.5,,1,17.1,1018.1,11.9,2.4,26.3
236,부여,2024-09-30,20.9,16.1,28,,.6,15.2,1014.5,11.8,2.4,25
236,부여,2024-10-01,17.5,14.1,20.7,.7,.6,13.7,1011.5,11.8,8,20.1
236,부여,2024-10-02,14.1,9.8,20.6,,.8,6.6,1017.6,11.8,4.3,19.6
236,부여,2024-10-03,12.4,8.9,15.8,2.1,1,10.3,1020.9,11.7,6.4,16
236,부여,2024-10-04,14.8,8.5,23.1,,.5,10.9,1022.8,11.7,1,19.4
236,부여,2024-10-05,16,9.5,23.6,,.6,11.9,1021.6,11.7,3.1,20.1
236,부여,2024-10-06,16.2,12.7,18.9,.2,.4,14.4,1019.2,11.6,9.9,18.2
236,부여,2024-10-07,16.7,14.3,20.1,1.9,.2,15.1,1016.6,11.6,9.5,19.4
236,부여,2024-10-08,17.1,13.4,23.8,,.4,14,1015.6,11.6,3.4,21.2
236,부여,2024-10-09,17.3,11,23.9,,.7,13.1,1014.7,11.5,3.9,20.5
236,부여,2024-10-10,16.4,11.5,23.3,0,.4,13.7,1014.1,11.5,3.6,19.8
236,부여,2024-10-11,16.6,11.4,24.6,,.3,12.9,1017.3,11.4,.9,19.7
236,부여,2024-10-12,16.5,10.5,25.1,,.4,12.2,1021.8,11.4,0,20.6
236,부여,2024-10-13,16.6,9.7,23.5,,.4,13.4,1021.7,11.4,6.8,19.2
236,부여,2024-10-14,17.1,15.1,18.8,11,.6,16.5,1017.7,11.3,10,18.4
236,부여,2024-10-15,18.6,16.9,20.9,22.4,.3,18.1,1016.5,11.3,8.8,20.5
236,부여,2024-10-16,18.2,14.5,22.9,,.5,16.6,1021.1,11.3,6.3,21.5
236,부여,2024-10-17,18.5,14,25.3,,.6,15.1,1020.3,11.2,6.3,21.4
236,부여,2024-10-18,19.6,15.4,23.2,36.9,.6,18.9,1011.9,11.2,9.5,19.6
236,부여,2024-10-19,17.7,14.4,23,.4,1.1,15.1,1016.8,11.1,8,19.5
236,부여,2024-10-20,13.2,9,17.9,,1.7,6.1,1027.9,11.1,2.6,16.7
236,부여,2024-10-21,14.1,7.2,20,.2,.6,11.1,1022.4,11.1,9.3,17.3
236,부여,2024-10-22,16.9,15.2,18.6,8.2,.5,16.6,1013.4,11,9.9,18.2
236,부여,2024-10-23,13.8,7.3,18.5,.1,1.4,8.9,1016.6,11,3.6,16.6
236,부여,2024-10-24,11.4,5.4,19.7,,.6,7.5,1021.3,11,0,16.6
236,부여,2024-10-25,14.8,9.2,21.7,,1.2,10.5,1022.9,10.9,4.8,16.7
236,부여,2024-10-26,16,9.3,24.5,,.4,12.1,1019.2,10.9,.9,19.7
236,부여,2024-10-27,14.9,11.4,18.7,.4,.3,13.7,1013.5,10.9,9.8,16.7
236,부여,2024-10-28,15.1,11.2,18.9,,.5,11.9,1013.8,10.8,7.4,16.7
236,부여,2024-10-29,14.8,10.9,19.8,,.7,10.3,1017.3,10.8,7,16.9
236,부여,2024-10-30,14.2,8.7,22.1,,.5,10.3,1021.4,10.8,0,17.3
236,부여,2024-10-31,14.2,7.3,22.9,,.4,9.7,1021.5,10.7,2.4,17.8
236,부여,2024-11-01,14,11,15.5,1.8,.8,11.4,1017.4,10.7,10,14.4
236,부여,2024-11-02,17.1,12.3,24,,.9,12,1016.3,10.7,3.5,19
236,부여,2024-11-03,14.8,9.1,23.4,,.4,11.8,1020.8,10.6,.5,18.4
236,부여,2024-11-04,14.5,8.4,22.3,1,.7,9.1,1020,10.6,4.8,16.9
236,부여,2024-11-05,9,3.6,16,,.7,2.8,1021.5,10.6,3,13.3
236,부여,2024-11-06,6.5,.6,14.7,,.6,.5,1025.6,10.5,0,11.8
236,부여,2024-11-07,6.5,-1.2,16.7,,.3,.6,1028.6,10.5,0,11.7
236,부여,2024-11-08,8.8,1.3,18.6,,.3,4.5,1026.7,10.5,1.4,12.9
236,부여,2024-11-09,11.2,3.9,19.5,,.4,7.7,1024.9,10.4,4.1,13.6
236,부여,2024-11-10,12.7,7.8,21.3,,.3,9.2,1021,10.4,4.8,15.1
236,부여,2024-11-11,11.9,4.8,21.7,,.3,7.9,1019,10.4,2.3,15.1
236,부여,2024-11-12,13,7.3,20.6,,.5,7.9,1018.8,10.3,2.4,15.8
236,부여,2024-11-13,11.5,4.1,21,,.3,8.1,1021,10.3,2.6,14.1
236,부여,2024-11-14,13,8,19.1,.1,.2,10.7,1019.3,10.3,9,13.6
236,부여,2024-11-15,14.7,10.4,20.7,7.9,.7,11.9,1017.2,10.3,5.8,16.7
236,부여,2024-11-16,16.2,9.9,23,.3,.5,12.6,1015.5,10.2,6.8,18.1
236,부여,2024-11-17,9.9,4.1,15.4,,1.5,1.3,1022.4,10.2,6.3,11.2
236,부여,2024-11-18,3.8,-1.5,9,,1.3,-10.1,1031,10.2,.6,8.1
236,부여,2024-11-19,4,-3.1,12.3,,.4,-2,1028.5,10.2,4.8,6.8
236,부여,2024-11-20,5.6,-1.3,12.6,.5,.3,1.5,1023.6,10.1,7.3,7.7
236,부여,2024-11-21,8.4,3.8,16,.1,.4,5.5,1019.8,10.1,4.3,10.1
236,부여,2024-11-22,6.3,-.4,13.5,,.8,0,1022.3,10.1,0,9.7
236,부여,2024-11-23,4.2,-2.2,12.7,,.5,-1.8,1026.2,10.1,1.9,7.7
236,부여,2024-11-24,4.8,-1.4,14.1,,.3,.1,1028.1,10,1.1,8.3
236,부여,2024-11-25,9.4,.1,17.5,.9,.8,3.8,1022,10,5.9,10.6
236,부여,2024-11-26,8.4,5,12.1,25.4,1.6,2.7,1012.6,10,9.3,9.3
236,부여,2024-11-27,4.9,1.6,7.8,2.7,2.6,-3.5,1011.6,10,8.1,5.3
236,부여,2024-11-28,4.8,2,10.2,2.2,1.5,.5,1010.8,9.9,8.5,5.5
236,부여,2024-11-29,2.5,-.2,4.4,3.1,.5,1.2,1012.6,9.9,7.5,6.2
236,부여,2024-11-30,2.6,-1.9,10.3,0,.1,1.8,1015.2,9.9,4.5,5.5
236,부여,2024-12-01,5.2,-.5,11.5,,.1,4.2,1014.8,9.9,6.3,7
236,부여,2024-12-02,6.9,1.9,16.6,0,.8,4,1015.9,9.9,2.3,8.5
236,부여,2024-12-03,1.5,-2,7.3,,.7,-5.3,1022.6,9.8,5,4.8
236,부여,2024-12-04,3.1,.1,9,0,.7,-3.5,1020.9,9.8,4.9,7.1
236,부여,2024-12-05,4,-1.2,11.3,1.8,.8,1,1016.8,9.8,6.4,6.2
236,부여,2024-12-06,3.4,-1.5,9.4,.3,.9,-1.1,1020.1,9.8,3.5,5.2
236,부여,2024-12-07,1,-3.5,6.1,.4,.7,-2.6,1023.2,9.8,4.8,2.2
236,부여,2024-12-08,-.3,-4.4,5.8,,.7,-4.9,1025.6,9.8,.6,2.7
236,부여,2024-12-09,.9,-5.3,5.2,,.3,-2.8,1023.9,9.8,6,3.3
236,부여,2024-12-10,3.1,-1.6,9.2,,.6,-1.9,1022.9,9.8,5.4,5.2
236,부여,2024-12-11,1.9,-2.6,9.2,,.5,-2.7,1021.7,9.8,4.4,4.3
236,부여,2024-12-12,0,-5.8,7.2,,.5,-5.9,1023.9,9.7,4.3,2
236,부여,2024-12-13,-.8,-3.9,3.9,.5,.4,-3.3,1021.7,9.7,7.4,1.2
236,부여,2024-12-14,-1,-6.4,5.3,1.8,.7,-4.2,1024.4,9.7,3.6,.7
236,부여,2024-12-15,1.4,-1.2,4.3,4.3,.5,-.3,1020.8,9.7,7.9,2.4
236,부여,2024-12-16,2.1,-1.8,6.8,.7,.5,-1.3,1021.5,9.7,7,4.1
236,부여,2024-12-17,1.2,-2.5,6.7,,.6,-3,1024.3,9.7,5.5,3.3
236,부여,2024-12-18,-1.6,-6.3,2.6,,1.2,-7.7,1025.8,9.7,3.9,2.4
236,부여,2024-12-19,-3,-8.9,5,,.4,-8.3,1028.4,9.7,3.5,1.2
236,부여,2024-12-20,-1.1,-5,2.7,.9,.3,-4.2,1021.8,9.7,8.5,0
236,부여,2024-12-21,.4,-1.7,2.9,3.2,1.2,-2.2,1019.1,9.7,5.8,1.3
236,부여,2024-12-22,-2.1,-6.3,3.3,,1,-8.1,1026.8,9.7,0,1.7
236,부여,2024-12-23,-1.9,-7.4,6.6,0,.4,-3.9,1026.1,9.7,2.9,0
236,부여,2024-12-24,-.7,-5.8,6.4,,.3,-4.1,1027.3,9.7,2.9,2
236,부여,2024-12-25,2,-3.5,8.7,.1,.4,-1.6,1024.6,9.7,8.1,3.2
236,부여,2024-12-26,1.5,-1.7,6.1,1,1.4,-3.6,1024.3,9.7,1.8,3.1
236,부여,2024-12-27,-.3,-3.4,3.3,1.1,.7,-6,1025.1,9.7,7,2.6
236,부여,2024-12-28,-1.1,-5.8,1.4,,.8,-5,1023.8,9.7,5.1,1.4
236,부여,2024-12-29,1.7,-2.3,7.4,,.5,-1.5,1024.2,9.7,6.1,3.4
236,부여,2024-12-30,4.6,-.7,11.2,,.5,.8,1018.6,9.7,7.6,4.1
236,부여,2024-12-31,1.8,-4.7,6.6,,1,-6.6,1020.5,9.7,0,3.3
238,금산,2024-06-01,18.9,14.7,25.1,0,1.4,10.9,990.6,14.5,4,24.7
238,금산,2024-06-02,18.3,10.7,25.6,,1.1,10.3,990.2,14.5,2.8,22.9
238,금산,2024-06-03,18.8,10.6,26.7,,.9,11,990.5,14.5,1.1,24.2
238,금산,2024-06-04,19.8,13.2,27.6,,1.1,8.4,995.4,14.5,0,26.4
238,금산,2024-06-05,20.9,11,29.7,,1.1,12.4,997.8,14.5,6.8,26.5
238,금산,2024-06-06,21.5,16.3,28.6,0,1,13.8,996.3,14.5,6.3,28
238,금산,2024-06-07,21.2,13.5,28.1,,.8,13.5,993.4,14.5,8.3,25.6
238,금산,2024-06-08,19.3,17.5,22.9,3.9,1,17.5,989.3,14.6,7.8,22.4
238,금산,2024-06-09,22.3,17.5,29.4,,.9,16.8,988.1,14.6,4.5,26.7
238,금산,2024-06-10,23.7,15.9,31.7,,1,15.8,988.2,14.6,.5,27.8
238,금산,2024-06-11,24.4,17.2,31.3,,1.1,16.1,987.5,14.6,1.8,29.1
238,금산,2024-06-12,24.4,16.2,32.9,,1,13.1,985.8,14.6,1.4,30.2
238,금산,2024-06-13,24.7,15.5,33.8,,1,13.4,984.8,14.6,1.1,30.6
238,금산,2024-06-14,25.2,17.1,32.4,0,1.2,16.6,985.4,14.6,4.6,30.2
238,금산,2024-06-15,24.3,20.1,29.7,0,1.3,18.6,983.8,14.6,5.9,30
238,금산,2024-06-16,23.4,18.8,29.7,,1.3,15.6,987,14.6,3.3,30.7
238,금산,2024-06-17,21.6,15.2,27.9,,.7,14.4,988.2,14.6,6.9,25.8
238,금산,2024-06-18,23.8,13.9,32.9,,1.1,13.2,987.5,14.6,0,30
238,금산,2024-06-19,25.6,15.4,36.7,,1,13.8,988.6,14.6,6.3,31.3
238,금산,2024-06-20,23.2,16.7,30,,1.3,14.4,985.1,14.6,7.5,27.3
238,금산,2024-06-21,24.9,16,32.6,,1,16.3,983,14.6,6,30.6
238,금산,2024-06-22,23,21.8,24.4,18.6,.9,21.9,978.7,14.6,9.5,25.4
238,금산,2024-06-23,23.5,21.8,26.9,.8,1.1,21.1,979.8,14.6,8,25
238,금산,2024-06-24,24.5,19.6,29.6,0,1.6,18.2,984.4,14.6,6.9,27.1
238,금산,2024-06-25,22,16,27.4,,1.3,14.5,991.5,14.6,7.6,25.4
238,금산,2024-06-26,22.8,15.7,30.1,,.8,15.1,994.9,14.6,4.8,27.3
238,금산,2024-06-27,21.8,16.5,27.4,,.8,15.3,992,14.6,7,24.5
238,금산,2024-06-28,24.4,16,31.7,,1.1,16.3,987.6,14.6,3.6,28.3
238,금산,2024-06-29,24,20.4,29.3,48.5,1.5,20.5,984.4,14.6,9.1,26.8
238,금산,2024-06-30,24.1,23,25.9,47.9,1.6,22.6,979.5,14.6,8.8,25.4
238,금산,2024-07-01,25.2,21.5,30.1,,.8,20.8,984.3,14.6,4.4,26.9
238,금산,2024-07-02,25.1,20.7,29,28.1,1.8,22.4,984.9,14.6,9.6,25.2
238,금산,2024-07-03,25.3,22.2,29.2,21.2,1.5,21.6,989.3,14.6,6,26.7
238,금산,2024-07-04,27.2,20.6,31.9,0,1.2,21.4,987.9,14.6,1.9,27.4
238,금산,2024-07-05,25.3,22.6,29,1.8,1.7,20.1,985.7,14.5,6.5,27.2
238,금산,2024-07-06,27.6,22.1,30.8,,1.9,22.6,984.8,14.5,8.1,27.4
238,금산,2024-07-07,26.6,23.6,28.6,22.2,1.2,24.1,985,14.5,9.3,26.9
238,금산,2024-07-08,24.4,22.3,27.9,72.5,1.2,23.6,984.1,14.5,10,25.2
238,금산,2024-07-09,23.1,21.3,26.3,44.9,1,22.6,985.4,14.5,9.6,24.6
238,금산,2024-07-10,22.3,21.1,24.6,192.8,.9,22,980.7,14.5,7.5,24.3
238,금산,2024-07-11,23.5,21.4,26.4,,.6,21.5,982.7,14.5,8.1,25.5
238,금산,2024-07-12,24.8,20.7,31,.3,.8,21.3,982.9,14.4,4.8,27.3
238,금산,2024-07-13,24.7,20.2,31.1,0,.9,21.3,986.1,14.4,4.3,26.9
238,금산,2024-07-14,25.5,21.6,29.5,0,1.4,21.4,989.6,14.4,8,27
238,금산,2024-07-15,25.7,21.7,30.9,24.7,1.2,21.7,991.7,14.4,5,28.6
238,금산,2024-07-16,24.1,21.8,27.7,31.4,.9,22.7,991.4,14.4,9.4,26
238,금산,2024-07-17,26.3,21.8,30.2,.1,1.4,22.5,989.5,14.3,9.8,26.6
238,금산,2024-07-18,26.8,24.1,28.8,20.3,2.5,22.3,984.2,14.3,9.4,25.7
238,금산,2024-07-19,24.9,22.9,29.1,1.9,.7,23.2,986.6,14.3,6.9,26.6
238,금산,2024-07-20,26,21.7,31.3,9.3,1.7,22.9,988,14.3,7.6,26.9
238,금산,2024-07-21,27.9,24.6,31.9,24.4,1.7,23.6,988.7,14.3,6.5,28.3
238,금산,2024-07-22,28.7,25.1,32.1,,1.9,22.8,987.4,14.2,6.3,28.5
238,금산,2024-07-23,27.3,25.3,29,0,1.3,23.2,986.2,14.2,9.9,27
238,금산,2024-07-24,27.5,23.8,33.2,0,1.1,23.8,985.7,14.2,6.4,29.7
238,금산,2024-07-25,27.7,23.7,33.4,0,1.1,24,987.3,14.2,5.8,29.4
238,금산,2024-07-26,27.3,24,32.2,2.5,1.1,24.3,990.9,14.1,8.5,28.5
238,금산,2024-07-27,27.5,24.9,32.1,3.1,1.3,24.8,995.4,14.1,8.6,28.5
238,금산,2024-07-28,28.8,24.3,33.7,,1.4,23.1,993.9,14.1,6.3,29.8
238,금산,2024-07-29,27.8,23.8,31.7,,1.6,22.7,990.7,14.1,.9,29.5
238,금산,2024-07-30,28.2,25.2,32.3,,1.3,23,988.8,14,2,30
238,금산,2024-07-31,28.5,23.5,34.3,,.9,23.9,987.7,14,2.6,30.8
238,금산,2024-08-01,28.8,25.2,33.5,0,.9,24.3,985.7,14,3.1,36.2
238,금산,2024-08-02,30.1,25.9,35,,.9,25.5,985.6,13.9,3.1,35.7
238,금산,2024-08-03,29.9,26.7,34.8,.1,.9,25.8,988.1,13.9,2.9,34.5
238,금산,2024-08-04,28.5,25.9,35.2,1.3,.8,26,988.6,13.9,4.3,31.1
238,금산,2024-08-05,27.3,24,35,39.4,1,25,988.6,13.9,5.8,30.4
238,금산,2024-08-06,27.9,23.7,33.6,,.8,24.5,988.2,13.8,4.3,30.6
238,금산,2024-08-07,28.7,24.2,34.3,,.8,24.6,986.9,13.8,4.3,31.8
238,금산,2024-08-08,26.8,24.2,30.3,0,.7,24,985.8,13.8,7.1,29
238,금산,2024-08-09,27.6,23.1,34,,.8,23.3,985,13.7,.4,32.3
238,금산,2024-08-10,28.6,23.3,34,,.8,23.6,984.2,13.7,4.5,31.5
238,금산,2024-08-11,29,24,34.6,,1,23.9,983.7,13.7,2.6,34.1
238,금산,2024-08-12,29.1,24.4,35.1,,.8,24,985.3,13.6,1.4,33.1
238,금산,2024-08-13,28.9,24,35.3,,1,21.9,988.5,13.6,2,34.7
238,금산,2024-08-14,28.6,22.9,35.8,,1,20.3,988.5,13.6,3.3,35.3
238,금산,2024-08-15,28.3,22.6,34.5,,.9,22.2,988.3,13.5,3.9,35.1
238,금산,2024-08-16,28.5,22.9,35.3,,1,22.8,989.3,13.5,4.9,35.3
238,금산,2024-08-17,28.2,23.6,35.1,,.9,23.4,990.8,13.5,4.9,33.7
238,금산,2024-08-18,28.2,24.5,35.4,0,.9,23.4,990.2,13.4,4.8,34.1
238,금산,2024-08-19,29.4,24.6,35.7,.1,1,23.4,988.9,13.4,4.3,36.5
238,금산,2024-08-20,29.4,25.2,35.9,.8,1.1,25.3,989.3,13.4,6.4,36.3
238,금산,2024-08-21,28.5,26.4,31.4,9.5,1.4,25.6,989,13.3,9.1,29.7
238,금산,2024-08-22,28,24.4,32.9,2.4,1.8,24.6,986.4,13.3,5.4,32.3
238,금산,2024-08-23,27.3,22.5,32.6,,1,23.1,989.6,13.3,2.3,31.7
238,금산,2024-08-24,27.7,22.8,32.8,,.8,23.7,990.9,13.2,3.5,31.6
238,금산,2024-08-25,27.4,23.6,32.5,,.7,23.8,989.7,13.2,4.4,30.4
238,금산,2024-08-26,27.1,24,31.9,3.1,.8,24.2,987.3,13.2,7.6,30.1
238,금산,2024-08-27,26.4,24.2,29.2,0,.8,23.1,986.5,13.1,8.5,27.3
238,금산,2024-08-28,27,21.7,31.5,,1.8,20.4,988.5,13.1,3.3,32.5
238,금산,2024-08-29,27.7,23.3,33.3,,2,21.1,986.1,13.1,3,32.5
238,금산,2024-08-30,26.9,21.5,33.5,,1.2,21.1,985.4,13,0,32.5
238,금산,2024-08-31,25.5,19.6,32.4,,.9,20.1,987.5,13,.5,32.8
238,금산,2024-09-01,26,20.2,32.2,,.9,20.4,988.3,12.9,3.5,31.5
238,금산,2024-09-02,24.6,20.3,29.2,0,.6,21.4,989.7,12.9,7.8,28.5
238,금산,2024-09-03,26.6,22.1,31.8,,1.4,19.7,991.9,12.9,5,32.7
238,금산,2024-09-04,26.2,19.1,34.4,,.9,18.6,990,12.8,3.5,32.8
238,금산,2024-09-05,27,20.6,33,,1.2,20.8,988.7,12.8,5.5,33.1
238,금산,2024-09-06,25.7,23.9,29.7,1,.6,22.1,991.6,12.8,8.8,28.9
238,금산,2024-09-07,25.5,23.2,30.1,1.9,.5,23.2,993.8,12.7,6.9,27.5
238,금산,2024-09-08,26.9,21.7,34.3,,.8,21.3,993.8,12.7,1.8,30.9
238,금산,2024-09-09,28.2,22.2,34.9,0,.8,22.2,993.3,12.6,4.3,31.9
238,금산,2024-09-10,28.4,22.6,36.5,,.8,21.4,993.7,12.6,.8,31.5
238,금산,2024-09-11,26.7,24.2,33.6,1.6,.7,24.4,996.3,12.6,9.5,27.7
238,금산,2024-09-12,26.6,24,31.7,35.6,.7,24.6,995.3,12.5,9,28.9
238,금산,2024-09-13,27.4,23.7,33.6,,.9,23.7,990.1,12.5,6.4,30.7
238,금산,2024-09-14,27.7,22.7,34.1,,.8,23.2,986.9,12.5,4.5,29.6
238,금산,2024-09-15,28.8,23.4,34.8,,1.5,23.4,989.8,12.4,3.3,32
238,금산,2024-09-16,27.9,24.8,32.4,0,1.6,22.6,995.5,12.4,7.8,28.1
238,금산,2024-09-17,29.2,23.5,35.7,,.8,23.9,995.1,12.3,4.6,34.5
238,금산,2024-09-18,26.8,23.6,34,63.4,.8,24.5,994.5,12.3,5.4,29.1
238,금산,2024-09-19,26.4,23.5,33.6,7.3,.8,24.1,994.9,12.3,7.8,29
238,금산,2024-09-20,25.2,24.5,26.6,15.2,.9,24.7,990.8,12.2,10,26.1
238,금산,2024-09-21,22.3,20.6,25.2,138.8,1,21.7,986.4,12.2,9.9,24.3
238,금산,2024-09-22,21.9,18.8,26.3,,1.3,17.8,991.7,12.2,7.4,24.6
238,금산,2024-09-23,20.2,15.6,25.5,,1.5,13.7,997.4,12.1,2.3,24.6
238,금산,2024-09-24,19.7,13.8,27,,.8,14.5,996.1,12.1,4,24.7
238,금산,2024-09-25,21.4,15.5,27.8,,.6,17.7,994.5,12.1,5.4,24.4
238,금산,2024-09-26,23.3,18.6,29.2,,.8,19.2,993.3,12,5.4,26.2
238,금산,2024-09-27,22.4,17.9,28.3,,.7,17.9,993.6,12,2.4,27.1
238,금산,2024-09-28,22,16.1,27.8,,1.5,17.5,998,11.9,3.3,25.3
238,금산,2024-09-29,21.5,16.2,27.1,,1.3,16.7,999.7,11.9,2.9,25.1
238,금산,2024-09-30,19.2,12.5,27.5,,.7,13.6,996,11.9,1.4,23.9
238,금산,2024-10-01,16.7,13.4,23.6,1.3,.8,13.6,992.5,11.8,9.6,19.7
238,금산,2024-10-02,13.3,7.8,19.8,,1,7,998.2,11.8,3.3,19.5
238,금산,2024-10-03,11.9,7.4,15.9,9.3,.7,10.5,1001.4,11.7,8.6,14
238,금산,2024-10-04,14.6,10.2,23.2,,.7,11.8,1003.6,11.7,3.6,19.3
238,금산,2024-10-05,14.8,9.2,23.6,,.7,11.8,1002.6,11.7,5.3,18.6
238,금산,2024-10-06,15.5,12.3,18.7,.3,.4,14.3,1000.2,11.6,9.9,17.6
238,금산,2024-10-07,16.2,13.4,20,4.8,.5,14,997.6,11.6,9.6,18.9
238,금산,2024-10-08,15.6,12,22.5,,.7,13.2,996.7,11.6,3.1,19.7
238,금산,2024-10-09,16,10,23.5,,.7,12.1,996,11.5,4.5,20
238,금산,2024-10-10,16,10.3,22.8,,.7,12.7,995.2,11.5,2.6,18.8
238,금산,2024-10-11,16.1,12,24,,.6,12.1,998.3,11.4,2.6,20
238,금산,2024-10-12,15.2,10.2,24,,.7,11.4,1002.9,11.4,.3,19.2
238,금산,2024-10-13,15.8,8.6,24.1,,.6,12.2,1002.9,11.4,5.4,18.6
238,금산,2024-10-14,17.3,14.6,19.7,6.3,.6,16.3,999.2,11.3,10,18.5
238,금산,2024-10-15,18.6,16.8,21.3,7.5,.4,18.2,997.7,11.3,9.5,19.6
238,금산,2024-10-16,18.4,15.1,25,,.5,16.4,1002,11.3,6.8,20.2
238,금산,2024-10-17,18,14.8,24.4,,.9,15.3,1001.8,11.2,6.3,20.3
238,금산,2024-10-18,19.9,12.8,24.6,5.6,.9,18.2,993.6,11.2,8.5,19.9
238,금산,2024-10-19,17.7,12.8,23.4,15.1,1.8,15.2,997.7,11.1,9.6,18.9
238,금산,2024-10-20,12.5,8.1,15.5,,3.3,6,1008.9,11.1,5.3,13.5
238,금산,2024-10-21,12.8,6.4,17.6,2.3,.5,11,1003.4,11.1,8.9,14.6
238,금산,2024-10-22,16.6,14.5,18.5,24.7,.5,16.4,994.8,11,9.8,17.4
238,금산,2024-10-23,13.5,7.4,17.6,2.7,1.8,9.1,997,11,4.6,16
238,금산,2024-10-24,10.2,5.8,18.3,,.9,6.9,1002.1,11,2.5,13.8
238,금산,2024-10-25,12.3,5.2,21.2,,.6,9.7,1004,10.9,8.5,14.6
238,금산,2024-10-26,15.2,9,24.1,,.8,11.9,1000.5,10.9,3.4,16.7
238,금산,2024-10-27,13.7,10.4,16.6,1.1,.3,13.2,994.7,10.9,9.8,15
238,금산,2024-10-28,15,12.5,18.9,,1.1,12.2,995,10.8,8.8,16.6
238,금산,2024-10-29,14.6,10.6,20.9,,1,10.2,998.3,10.8,5.9,17
238,금산,2024-10-30,13.1,9,21.7,,.6,9.9,1002.2,10.8,2.5,15.6
238,금산,2024-10-31,13,7.1,22.8,,.6,9.4,1002.6,10.7,5,15.3
238,금산,2024-11-01,12.8,10.2,14.2,3,.7,11.8,998.8,10.7,9.9,13.8
238,금산,2024-11-02,16.2,11.9,22.4,.1,.7,13.4,997.3,10.7,5.5,17.4
238,금산,2024-11-03,14.5,9.7,22.5,,.5,11.6,1002,10.6,.5,16.1
238,금산,2024-11-04,13.4,9.6,21,.1,.9,9.4,1000.5,10.6,5.9,15
238,금산,2024-11-05,9.7,3.8,15.2,,1.2,2.8,1001.4,10.6,3.5,12.9
238,금산,2024-11-06,5.4,-.2,13.7,,.9,-1,1005.7,10.5,0,9.8
238,금산,2024-11-07,6.2,-1.9,17.4,,.6,.9,1008.8,10.5,.3,10.5
238,금산,2024-11-08,9.8,1.6,19.4,,.5,5.9,1007.1,10.5,3.3,12.1
238,금산,2024-11-09,10.9,5.4,19.2,,.5,8.1,1005.6,10.4,3.8,13
238,금산,2024-11-10,11.3,7.1,19.8,,.5,8.2,1001.9,10.4,6,12.7
238,금산,2024-11-11,11.1,4.1,21.4,,.5,7.1,999.8,10.4,1.4,13.4
238,금산,2024-11-12,11.4,6,19.8,,.7,6.6,999.5,10.3,2.1,14
238,금산,2024-11-13,10.3,2.8,21.1,,.5,6.1,1002,10.3,3.3,12.8
238,금산,2024-11-14,12.6,6.8,19.4,0,.4,9.1,1000.3,10.3,8.9,13.5
238,금산,2024-11-15,13.1,9.2,19.4,2.5,.5,10.5,998.4,10.3,8.1,14
238,금산,2024-11-16,15.8,8.6,23.9,.1,.8,11.3,996.2,10.2,4.8,16.8
238,금산,2024-11-17,9.3,2.3,16.1,,1.7,1.9,1002.1,10.2,6.6,10.7
238,금산,2024-11-18,2,-3,8,,1.1,-10.3,1010.7,10.2,.3,5.9
238,금산,2024-11-19,4,-4.6,13.2,,.6,-1.7,1008.5,10.2,4,6.3
238,금산,2024-11-20,6.2,-1.2,12.8,,.6,1.6,1003.7,10.1,6.1,8.3
238,금산,2024-11-21,8.9,2.9,15.4,0,.8,4.2,1000.1,10.1,3.8,10.2
238,금산,2024-11-22,6.7,-.2,12.6,,1.1,0,1002.1,10.1,.8,9.2
238,금산,2024-11-23,3.1,-2.9,12.7,,.5,-2,1006.2,10.1,1.5,6
238,금산,2024-11-24,5.4,-.5,15,,.6,.9,1008.3,10,3.6,7.8
238,금산,2024-11-25,8.7,-.9,16.6,.4,1,3.4,1003,10,4.6,9
238,금산,2024-11-26,8.5,4.7,12.2,16.9,2.5,2.4,992.5,10,8.8,9.8
238,금산,2024-11-27,2.4,.8,5.3,8.2,2.3,-1,991.9,10,9.1,2.9
238,금산,2024-11-28,4.6,1.7,8.4,.9,2,-.4,991,9.9,8.5,4.8
238,금산,2024-11-29,2.8,.3,4.8,.5,.8,.1,992.5,9.9,8.6,5.3
238,금산,2024-11-30,4.7,-1.2,10.8,,1,1.3,995.4,9.9,3.9,3.9
238,금산,2024-12-01,6.3,.5,13,.1,.5,3.6,995.5,9.9,6,6.4
238,금산,2024-12-02,7.8,1,16.1,0,1.3,3.9,996.2,9.9,1.5,6.8
238,금산,2024-12-03,2.1,-2,6.9,,1,-5,1002,9.9,6.6,3.6
238,금산,2024-12-04,2.5,-1.5,8.1,,.9,-5.4,1000.7,9.8,4.8,4.2
238,금산,2024-12-05,3.9,-1.3,9.4,1,1.2,-.4,996.7,9.8,6.5,3.9
238,금산,2024-12-06,3.5,-1.1,8,.6,1.3,-2.1,999.8,9.8,5.4,4.3
238,금산,2024-12-07,.3,-4.4,4.5,,.8,-3.3,1002.8,9.8,5.3,1.5
238,금산,2024-12-08,0,-4.6,5,,1.2,-6.7,1005.1,9.8,.8,1.9
238,금산,2024-12-09,1,-6.7,7,,.6,-3.8,1003.7,9.8,5.4,1.6
238,금산,2024-12-10,2.7,-1.4,8.3,,.8,-3.2,1002.8,9.8,5.5,3.8
238,금산,2024-12-11,1,-2.7,8.7,,.6,-3.8,1001.4,9.8,5.1,2.5
238,금산,2024-12-12,-.6,-6.3,6.5,,.6,-6.5,1003.3,9.7,3.6,1
238,금산,2024-12-13,-1,-3.7,4.3,.2,.7,-4.2,1001.3,9.7,7.1,.8
238,금산,2024-12-14,-1.1,-6.8,4.4,0,1.2,-5.8,1003.8,9.7,2.4,.1
238,금산,2024-12-15,1.8,-1.8,6.7,1,1.3,-1.3,1000.3,9.7,7.1,1.9
238,금산,2024-12-16,2.9,-1,7.9,.2,1,-3.1,1001.1,9.7,6.3,3.9
238,금산,2024-12-17,2,-.7,6.7,0,1.2,-4.8,1003.7,9.7,6.6,3
238,금산,2024-12-18,-1.7,-6.2,1.9,,1.4,-8.5,1004.8,9.7,4,1.8
238,금산,2024-12-19,-3.2,-9.5,5.2,,.6,-9.2,1007.6,9.7,2.8,-.2
238,금산,2024-12-20,-.4,-6,4.3,0,.5,-4.2,1001.5,9.7,9.5,.2
238,금산,2024-12-21,.6,-2.6,2.9,3,2.3,-2.9,998.4,9.7,7,1.9
238,금산,2024-12-22,-3.3,-7,1.7,,1.4,-9.2,1005.9,9.7,0,-.2
238,금산,2024-12-23,-2.4,-9,6.3,,.5,-5,1005.7,9.7,3.3,-.7
238,금산,2024-12-24,-1,-6.2,6.2,,.6,-5.3,1006.7,9.7,2.1,.3
238,금산,2024-12-25,1.5,-4,7,,.7,-2.6,1004.6,9.7,8.5,1.6
238,금산,2024-12-26,2.3,-2.2,6.3,.2,1.8,-3.6,1003.3,9.7,3.9,2.6
238,금산,2024-12-27,-.9,-4.4,2.3,1.2,1.2,-6.5,1004.5,9.7,6.9,1.3
238,금산,2024-12-28,-2.1,-7.1,.2,,1.1,-6.3,1003,9.7,5.5,1.5
238,금산,2024-12-29,.4,-3.4,5.7,,.7,-3.3,1004.1,9.7,7.1,2.2
238,금산,2024-12-30,5.5,-1.6,9.3,,1.5,.3,998.6,9.7,7.9,2.5
238,금산,2024-12-31,1.7,-4.6,6.7,0,1.8,-7.7,999.8,9.8,0,2.5
